"","ID","prev","RA.mean","log.mean","filtN","ra","prevN","condition"
"ASV_1","ASV_1",1,0.105406864141955,-0.977131106752426,"Retain","Retain","Retain","Both_Pass"
"ASV_2","ASV_2",1,0.193022040589322,-0.714393097418158,"Retain","Retain","Retain","Both_Pass"
"ASV_3","ASV_3",1,0.164737627656453,-0.783207192468702,"Retain","Retain","Retain","Both_Pass"
"ASV_4","ASV_4",1,0.00177326130183885,-2.75122726350503,"Retain","Discard","Retain","Only_prevN_pass"
"ASV_5","ASV_5",0.666666666666667,0.003580632500954,-2.44604025061556,"Retain","Discard","Discard","Both_Fail"
"ASV_6","ASV_6",1,0.00473131238579734,-2.32501837662927,"Retain","Discard","Retain","Only_prevN_pass"
"ASV_7","ASV_7",1,0.0472030609369161,-1.3260298381263,"Retain","Retain","Retain","Both_Pass"
"ASV_8","ASV_8",1,0.0267748524894134,-1.57227291314635,"Retain","Retain","Retain","Both_Pass"
"ASV_9","ASV_9",1,0.00641182971778687,-2.19301801994352,"Retain","Discard","Retain","Only_prevN_pass"
"ASV_10","ASV_10",0.666666666666667,0.00537000063930587,-2.27002566259709,"Retain","Discard","Discard","Both_Fail"
"ASV_11","ASV_11",1,0.0108520127897476,-1.96448970306806,"Retain","Retain","Retain","Both_Pass"
"ASV_12","ASV_12",1,0.018926526552317,-1.7229290816292,"Retain","Retain","Retain","Both_Pass"
"ASV_13","ASV_13",1,0.0402317646230043,-1.39543091823097,"Retain","Retain","Retain","Both_Pass"
"ASV_14","ASV_14",1,0.0290235734876663,-1.53724911669394,"Retain","Retain","Retain","Both_Pass"
"ASV_15","ASV_15",0.833333333333333,0.000103750734405778,-3.98400882042553,"Retain","Discard","Discard","Both_Fail"
"ASV_16","ASV_16",1,0.00664140821914945,-2.17773982470388,"Retain","Discard","Retain","Only_prevN_pass"
"ASV_17","ASV_17",1,0.00942255590530433,-2.02583127714255,"Retain","Discard","Retain","Only_prevN_pass"
"ASV_18","ASV_18",0.5,0.000966647009746641,-3.01473208817798,"Retain","Discard","Discard","Both_Fail"
"ASV_19","ASV_19",0.833333333333333,0.000250163291312503,-3.6017764178642,"Retain","Discard","Discard","Both_Fail"
"ASV_20","ASV_20",0.833333333333333,0.00488334553110468,-2.311282545234,"Retain","Discard","Discard","Both_Fail"
"ASV_21","ASV_21",1,0.0154025979974998,-1.81240601937026,"Retain","Retain","Retain","Both_Pass"
"ASV_22","ASV_22",1,0.0184741307878873,-1.73343598610795,"Retain","Retain","Retain","Both_Pass"
"ASV_23","ASV_23",1,0.00665767773911104,-2.17667723043393,"Retain","Discard","Retain","Only_prevN_pass"
"ASV_24","ASV_24",0.666666666666667,0.000667568684334381,-3.17550404428123,"Retain","Discard","Discard","Both_Fail"
"ASV_25","ASV_25",1,0.0132867664481806,-1.8765806988601,"Retain","Retain","Retain","Both_Pass"
"ASV_26","ASV_26",0.666666666666667,0.00141814240757979,-2.84828015580972,"Retain","Discard","Discard","Both_Fail"
"ASV_27","ASV_27",0.666666666666667,0.00123418925422225,-2.90861823919881,"Retain","Discard","Discard","Both_Fail"
"ASV_28","ASV_28",1,0.00239506197430901,-2.62068324435706,"Retain","Discard","Retain","Only_prevN_pass"
"ASV_29","ASV_29",1,0.00061058101257924,-3.21425670521305,"Retain","Discard","Retain","Only_prevN_pass"
"ASV_30","ASV_30",0.166666666666667,1.7088978036391e-05,-4.76728390839846,"Retain","Discard","Discard","Both_Fail"
"ASV_31","ASV_31",1,0.000713666429014672,-3.14650473204592,"Retain","Discard","Retain","Only_prevN_pass"
"ASV_32","ASV_32",1,0.00717056644993584,-2.14444653521583,"Retain","Discard","Retain","Only_prevN_pass"
"ASV_33","ASV_33",1,0.0112765522654382,-1.94782366285018,"Retain","Retain","Retain","Both_Pass"
"ASV_35","ASV_35",0.333333333333333,0.000115398671432844,-3.93779919111708,"Retain","Discard","Discard","Both_Fail"
"ASV_36","ASV_36",0.666666666666667,0.000129765502224033,-3.88684074809844,"Retain","Discard","Discard","Both_Fail"
"ASV_37","ASV_37",1,0.00130088596679233,-2.88576077120426,"Retain","Discard","Retain","Only_prevN_pass"
"ASV_38","ASV_38",0.5,0.000120055633245075,-3.92061745718252,"Retain","Discard","Discard","Both_Fail"
"ASV_39","ASV_39",0,0,-Inf,"Retain","Discard","Discard","Both_Fail"
"ASV_40","ASV_40",1,0.00459437126500819,-2.33777391296566,"Retain","Discard","Retain","Only_prevN_pass"
"ASV_41","ASV_41",0.333333333333333,8.97292261681936e-05,-4.04706607762217,"Retain","Discard","Discard","Both_Fail"
"ASV_42","ASV_42",1,0.00593623979830301,-2.22648856376402,"Retain","Discard","Retain","Only_prevN_pass"
"ASV_43","ASV_43",0,0,-Inf,"Retain","Discard","Discard","Both_Fail"
"ASV_44","ASV_44",0.833333333333333,0.00975888922117603,-2.0105996118996,"Retain","Discard","Discard","Both_Fail"
"ASV_45","ASV_45",0.666666666666667,0.000101883589949119,-3.99189576072821,"Retain","Discard","Discard","Both_Fail"
"ASV_46","ASV_46",0,0,-Inf,"Retain","Discard","Discard","Both_Fail"
"ASV_47","ASV_47",0.166666666666667,1.33977958711821e-05,-4.87296664340524,"Retain","Discard","Discard","Both_Fail"
"ASV_48","ASV_48",1,0.00604226684677332,-2.218800098738,"Retain","Discard","Retain","Only_prevN_pass"
"ASV_49","ASV_49",0.166666666666667,1.0596542983817e-05,-4.9748357958605,"Retain","Discard","Discard","Both_Fail"
"ASV_50","ASV_50",1,0.00804273560212987,-2.0945962081125,"Retain","Discard","Retain","Only_prevN_pass"
"ASV_51","ASV_51",0,0,-Inf,"Retain","Discard","Discard","Both_Fail"
"ASV_52","ASV_52",0.666666666666667,0.000169239380973943,-3.77149857185464,"Retain","Discard","Discard","Both_Fail"
"ASV_53","ASV_53",0.333333333333333,0.00100784871944756,-2.99660465166012,"Retain","Discard","Discard","Both_Fail"
"ASV_54","ASV_54",0.166666666666667,1.7088978036391e-05,-4.76728390839846,"Retain","Discard","Discard","Both_Fail"
"ASV_55","ASV_55",0.833333333333333,0.00285078393011818,-2.54503569798813,"Retain","Discard","Discard","Both_Fail"
"ASV_56","ASV_56",1,0.0015387034109843,-2.8128450834733,"Retain","Discard","Retain","Only_prevN_pass"
"ASV_57","ASV_57",1,0.00032688448637028,-3.48560569013745,"Retain","Discard","Retain","Only_prevN_pass"
"ASV_58","ASV_58",1,0.00106965311605486,-2.97075703933174,"Retain","Discard","Retain","Only_prevN_pass"
"ASV_59","ASV_59",0.5,0.00042001616175511,-3.37673399811158,"Retain","Discard","Discard","Both_Fail"
"ASV_60","ASV_60",1,0.00221864517021558,-2.65391214929546,"Retain","Discard","Retain","Only_prevN_pass"
"ASV_61","ASV_61",0.833333333333333,0.00246312388271017,-2.60851374478922,"Retain","Discard","Discard","Both_Fail"
"ASV_62","ASV_62",0.833333333333333,0.00035259253189697,-3.45272689053438,"Retain","Discard","Discard","Both_Fail"
"ASV_63","ASV_63",1,0.000483595810763182,-3.31551746995004,"Retain","Discard","Retain","Only_prevN_pass"
"ASV_64","ASV_64",0.666666666666667,3.85679103331222e-05,-4.41377389121898,"Retain","Discard","Discard","Both_Fail"
"ASV_65","ASV_65",1,0.00648974909302274,-2.18777209358825,"Retain","Discard","Retain","Only_prevN_pass"
"ASV_66","ASV_66",0.166666666666667,3.4177956072782e-05,-4.46625391273447,"Retain","Discard","Discard","Both_Fail"
"ASV_67","ASV_67",0.833333333333333,0.000662943252132634,-3.17852364556271,"Retain","Discard","Discard","Both_Fail"
"ASV_68","ASV_68",0.166666666666667,2.13947676956124e-05,-4.66969242472393,"Retain","Discard","Discard","Both_Fail"
"ASV_69","ASV_69",0.166666666666667,5.55391786182707e-05,-4.25540054741958,"Retain","Discard","Discard","Both_Fail"
"ASV_70","ASV_70",0.5,0.000257670233800784,-3.58893574847557,"Retain","Discard","Discard","Both_Fail"
"ASV_71","ASV_71",0.333333333333333,4.47980582054226e-05,-4.3487408103087,"Retain","Discard","Discard","Both_Fail"
"ASV_72","ASV_72",1,0.000900984086888266,-3.04528287942898,"Retain","Discard","Retain","Only_prevN_pass"
"ASV_73","ASV_73",0.166666666666667,1.15696551085812e-05,-4.93667958717379,"Retain","Discard","Discard","Both_Fail"
"ASV_74","ASV_74",1,0.00162497014107218,-2.78915461480001,"Retain","Discard","Retain","Only_prevN_pass"
"ASV_75","ASV_75",1,0.00432390983678235,-2.36412337063828,"Retain","Discard","Retain","Only_prevN_pass"
"ASV_76","ASV_76",1,0.00390779709460102,-2.40806799433475,"Retain","Discard","Retain","Only_prevN_pass"
"ASV_77","ASV_77",0.833333333333333,0.000465616027781214,-3.33197207849319,"Retain","Discard","Discard","Both_Fail"
"ASV_78","ASV_78",0.666666666666667,0.000244097437712106,-3.61243677934289,"Retain","Discard","Discard","Both_Fail"
"ASV_79","ASV_79",1,0.00341391731560804,-2.46674700161907,"Retain","Discard","Retain","Only_prevN_pass"
"ASV_80","ASV_80",1,0.0044676073001436,-2.3499250080891,"Retain","Discard","Retain","Only_prevN_pass"
"ASV_81","ASV_81",1,0.00121664266019091,-2.91483695956413,"Retain","Discard","Retain","Only_prevN_pass"
"ASV_83","ASV_83",1,0.0054860905517884,-2.26073702833603,"Retain","Discard","Retain","Only_prevN_pass"
"ASV_85","ASV_85",1,0.00410123382008641,-2.38708546995208,"Retain","Discard","Retain","Only_prevN_pass"
"ASV_86","ASV_86",0.5,0.000255619231635903,-3.5924064749301,"Retain","Discard","Discard","Both_Fail"
"ASV_87","ASV_87",0.666666666666667,0.000707606096300056,-3.15020843413135,"Retain","Discard","Discard","Both_Fail"
"ASV_88","ASV_88",1,0.00282371081235446,-2.54917978319732,"Retain","Discard","Retain","Only_prevN_pass"
"ASV_89","ASV_89",0.333333333333333,3.952068075527e-05,-4.40317558317067,"Retain","Discard","Discard","Both_Fail"
"ASV_90","ASV_90",0,0,-Inf,"Retain","Discard","Discard","Both_Fail"
"ASV_91","ASV_91",1,0.00291341731220757,-2.53559730342301,"Retain","Discard","Retain","Only_prevN_pass"
"ASV_92","ASV_92",0,0,-Inf,"Retain","Discard","Discard","Both_Fail"
"ASV_93","ASV_93",0.333333333333333,0.000181222958305779,-3.74178678439696,"Retain","Discard","Discard","Both_Fail"
"ASV_94","ASV_94",0,0,-Inf,"Retain","Discard","Discard","Both_Fail"
"ASV_95","ASV_95",0.666666666666667,0.000245529350265914,-3.60989658542843,"Retain","Discard","Discard","Both_Fail"
"ASV_96","ASV_96",1,0.00500351471375941,-2.30072481875413,"Retain","Discard","Retain","Only_prevN_pass"
"ASV_97","ASV_97",1,0.000410026688733569,-3.3871878740303,"Retain","Discard","Retain","Only_prevN_pass"
"ASV_98","ASV_98",0,0,-Inf,"Retain","Discard","Discard","Both_Fail"
"ASV_100","ASV_100",0,0,-Inf,"Retain","Discard","Discard","Both_Fail"
"ASV_101","ASV_101",0.833333333333333,6.53147585989739e-05,-4.18498867394878,"Retain","Discard","Discard","Both_Fail"
"ASV_102","ASV_102",1,0.000706305863002178,-3.15100718868169,"Retain","Discard","Retain","Only_prevN_pass"
"ASV_103","ASV_103",1,0.000300262892394856,-3.52249833621236,"Retain","Discard","Retain","Only_prevN_pass"
"ASV_104","ASV_104",1,0.000922094867782139,-3.0352243951776,"Retain","Discard","Retain","Only_prevN_pass"
"ASV_105","ASV_105",1,0.00264292973491404,-2.57791438289354,"Retain","Discard","Retain","Only_prevN_pass"
"ASV_106","ASV_106",0,0,-Inf,"Retain","Discard","Discard","Both_Fail"
"ASV_107","ASV_107",0.5,6.34180897342456e-05,-4.1977868438348,"Retain","Discard","Discard","Both_Fail"
"ASV_108","ASV_108",0.833333333333333,0.00090466424040052,-3.04351257615137,"Retain","Discard","Discard","Both_Fail"
"ASV_109","ASV_109",0,0,-Inf,"Retain","Discard","Discard","Both_Fail"
"ASV_110","ASV_110",1,0.00300186328030195,-2.52260909156062,"Retain","Discard","Retain","Only_prevN_pass"
"ASV_111","ASV_111",1,0.00149289168305419,-2.82597170142325,"Retain","Discard","Retain","Only_prevN_pass"
"ASV_112","ASV_112",1,0.00435828054404061,-2.3606848175025,"Retain","Discard","Retain","Only_prevN_pass"
"ASV_113","ASV_113",0,0,-Inf,"Retain","Discard","Discard","Both_Fail"
"ASV_114","ASV_114",0,0,-Inf,"Retain","Discard","Discard","Both_Fail"
"ASV_116","ASV_116",1,0.00264104395141705,-2.57822437134171,"Retain","Discard","Retain","Only_prevN_pass"
"ASV_118","ASV_118",0.5,0.000157847513759039,-3.80176225424838,"Retain","Discard","Discard","Both_Fail"
"ASV_119","ASV_119",0,0,-Inf,"Retain","Discard","Discard","Both_Fail"
"ASV_120","ASV_120",1,0.00318044405289027,-2.49751223968334,"Retain","Discard","Retain","Only_prevN_pass"
"ASV_121","ASV_121",1,0.00221314146491821,-2.65499082490249,"Retain","Discard","Retain","Only_prevN_pass"
"ASV_122","ASV_122",0.166666666666667,2.13612225454887e-06,-5.6703738953904,"Retain","Discard","Discard","Both_Fail"
"ASV_123","ASV_123",1,0.0033145036032983,-2.47958150451137,"Retain","Discard","Retain","Only_prevN_pass"
"ASV_124","ASV_124",1,0.000675147574174905,-3.17060128843589,"Retain","Discard","Retain","Only_prevN_pass"
"ASV_125","ASV_125",1,0.002542724519087,-2.5947006891051,"Retain","Discard","Retain","Only_prevN_pass"
"ASV_126","ASV_126",0,0,-Inf,"Retain","Discard","Discard","Both_Fail"
"ASV_127","ASV_127",1,0.00156831121385357,-2.80456775220766,"Retain","Discard","Retain","Only_prevN_pass"
"ASV_130","ASV_130",0.333333333333333,2.96893852751832e-05,-4.52739879446727,"Retain","Discard","Discard","Both_Fail"
"ASV_131","ASV_131",1,0.00370185073691771,-2.4315810965069,"Retain","Discard","Retain","Only_prevN_pass"
"ASV_132","ASV_132",1,0.00419524960023128,-2.37724219531719,"Retain","Discard","Retain","Only_prevN_pass"
"ASV_133","ASV_133",1,0.00184654294794749,-2.73364058682714,"Retain","Discard","Retain","Only_prevN_pass"
"ASV_134","ASV_134",1,0.00219047203587632,-2.65946228676434,"Retain","Discard","Retain","Only_prevN_pass"
"ASV_135","ASV_135",0,0,-Inf,"Retain","Discard","Discard","Both_Fail"
"ASV_136","ASV_136",0,0,-Inf,"Retain","Discard","Discard","Both_Fail"
"ASV_137","ASV_137",1,0.00328337486271751,-2.48367953106419,"Retain","Discard","Retain","Only_prevN_pass"
"ASV_138","ASV_138",0.833333333333333,0.00096126332054525,-3.01715762898587,"Retain","Discard","Discard","Both_Fail"
"ASV_139","ASV_139",1,0.00198752546468562,-2.70168729834364,"Retain","Discard","Retain","Only_prevN_pass"
"ASV_140","ASV_140",0.166666666666667,2.88723354165834e-05,-4.53951808562003,"Retain","Discard","Discard","Both_Fail"
"ASV_141","ASV_141",0.166666666666667,3.25375042585851e-05,-4.48761576204122,"Retain","Discard","Discard","Both_Fail"
"ASV_142","ASV_142",0.333333333333333,7.43564523029126e-05,-4.12868133947604,"Retain","Discard","Discard","Both_Fail"
"ASV_143","ASV_143",0.833333333333333,0.00148165396944654,-2.82925321113869,"Retain","Discard","Discard","Both_Fail"
"ASV_144","ASV_144",0.333333333333333,9.15334004684464e-05,-4.0384204032858,"Retain","Discard","Discard","Both_Fail"
"ASV_145","ASV_145",0.5,0.000118774945143947,-3.92527516148705,"Retain","Discard","Discard","Both_Fail"
"ASV_148","ASV_148",0.166666666666667,7.47642789092105e-05,-4.12630585104012,"Retain","Discard","Discard","Both_Fail"
"ASV_150","ASV_150",0,0,-Inf,"Retain","Discard","Discard","Both_Fail"
"ASV_152","ASV_152",1,0.0011990207800339,-2.92117329014898,"Retain","Discard","Retain","Only_prevN_pass"
"ASV_153","ASV_153",0,0,-Inf,"Retain","Discard","Discard","Both_Fail"
"ASV_154","ASV_154",1,0.00299925751349931,-2.52298624451372,"Retain","Discard","Retain","Only_prevN_pass"
"ASV_155","ASV_155",1,0.00114867665098712,-2.93980220669491,"Retain","Discard","Retain","Only_prevN_pass"
"ASV_157","ASV_157",1,0.000762487323612404,-3.11776737208734,"Retain","Discard","Retain","Only_prevN_pass"
"ASV_158","ASV_158",0,0,-Inf,"Retain","Discard","Discard","Both_Fail"
"ASV_159","ASV_159",0.666666666666667,0.000867873056748075,-3.06154379416176,"Retain","Discard","Discard","Both_Fail"
"ASV_160","ASV_160",0.166666666666667,5.93330960009493e-05,-4.22670298958522,"Retain","Discard","Discard","Both_Fail"
"ASV_161","ASV_161",0,0,-Inf,"Retain","Discard","Discard","Both_Fail"
"ASV_163","ASV_163",1,0.00231809331626386,-2.6348690852306,"Retain","Discard","Retain","Only_prevN_pass"
"ASV_164","ASV_164",0.666666666666667,0.00143858677776113,-2.84206393567416,"Retain","Discard","Discard","Both_Fail"
"ASV_165","ASV_165",1,0.00290826753379163,-2.53636564488826,"Retain","Discard","Retain","Only_prevN_pass"
"ASV_166","ASV_166",0.166666666666667,4.66399264421732e-05,-4.33124214319294,"Retain","Discard","Discard","Both_Fail"
"ASV_167","ASV_167",1,0.000427333811739569,-3.36923274333779,"Retain","Discard","Retain","Only_prevN_pass"
"ASV_168","ASV_168",0.833333333333333,0.000581775189632251,-3.23524480360384,"Retain","Discard","Discard","Both_Fail"
"ASV_169","ASV_169",1,0.000658440300822582,-3.1814835953395,"Retain","Discard","Retain","Only_prevN_pass"
"ASV_170","ASV_170",1,0.00162620759864277,-2.78882401397565,"Retain","Discard","Retain","Only_prevN_pass"
"ASV_171","ASV_171",0.5,4.80347979608737e-05,-4.31844403164416,"Retain","Discard","Discard","Both_Fail"
"ASV_172","ASV_172",0.833333333333333,0.000586913859316331,-3.23142563498542,"Retain","Discard","Discard","Both_Fail"
"ASV_173","ASV_173",0,0,-Inf,"Retain","Discard","Discard","Both_Fail"
"ASV_174","ASV_174",0,0,-Inf,"Retain","Discard","Discard","Both_Fail"
"ASV_175","ASV_175",0.166666666666667,1.7088978036391e-05,-4.76728390839846,"Retain","Discard","Discard","Both_Fail"
"ASV_176","ASV_176",0.333333333333333,0.000109319559125535,-3.96130212844053,"Retain","Discard","Discard","Both_Fail"
"ASV_177","ASV_177",0.5,0.000265945603169936,-3.57520718539536,"Retain","Discard","Discard","Both_Fail"
"ASV_178","ASV_178",0,0,-Inf,"Retain","Discard","Discard","Both_Fail"
"ASV_179","ASV_179",0.666666666666667,0.000234161480417203,-3.63048454486624,"Retain","Discard","Discard","Both_Fail"
"ASV_181","ASV_181",0.166666666666667,9.5698541937015e-06,-5.01909467908348,"Retain","Discard","Discard","Both_Fail"
"ASV_182","ASV_182",1,0.00282805070355865,-2.54851280842594,"Retain","Discard","Retain","Only_prevN_pass"
"ASV_183","ASV_183",1,0.00193675148003628,-2.71292610347982,"Retain","Discard","Retain","Only_prevN_pass"
"ASV_184","ASV_184",1,0.000966002493219534,-3.01502175268379,"Retain","Discard","Retain","Only_prevN_pass"
"ASV_185","ASV_185",0,0,-Inf,"Retain","Discard","Discard","Both_Fail"
"ASV_188","ASV_188",1,0.000901092032356327,-3.04523085041569,"Retain","Discard","Retain","Only_prevN_pass"
"ASV_189","ASV_189",0.166666666666667,0.000174171346325367,-3.7590232910984,"Retain","Discard","Discard","Both_Fail"
"ASV_190","ASV_190",1,0.000385340485600057,-3.41415535966332,"Retain","Discard","Retain","Only_prevN_pass"
"ASV_191","ASV_191",0.166666666666667,4.8744097725558e-05,-4.31207796417893,"Retain","Discard","Discard","Both_Fail"
"ASV_192","ASV_192",0,0,-Inf,"Retain","Discard","Discard","Both_Fail"
"ASV_193","ASV_193",0.666666666666667,0.00101831440090186,-2.99211811443924,"Retain","Discard","Discard","Both_Fail"
"ASV_194","ASV_194",0,0,-Inf,"Retain","Discard","Discard","Both_Fail"
"ASV_195","ASV_195",0,0,-Inf,"Retain","Discard","Discard","Both_Fail"
"ASV_196","ASV_196",0,0,-Inf,"Retain","Discard","Discard","Both_Fail"
"ASV_198","ASV_198",1,0.000860424707381432,-3.06528712719513,"Retain","Discard","Retain","Only_prevN_pass"
"ASV_200","ASV_200",0,0,-Inf,"Retain","Discard","Discard","Both_Fail"
"ASV_201","ASV_201",0,0,-Inf,"Retain","Discard","Discard","Both_Fail"
"ASV_202","ASV_202",0.5,0.000464786207030553,-3.33274676852522,"Retain","Discard","Discard","Both_Fail"
"ASV_203","ASV_203",0,0,-Inf,"Retain","Discard","Discard","Both_Fail"
"ASV_205","ASV_205",1,0.000559031659924121,-3.25256359579696,"Retain","Discard","Retain","Only_prevN_pass"
"ASV_206","ASV_206",0,0,-Inf,"Retain","Discard","Discard","Both_Fail"
"ASV_208","ASV_208",0.666666666666667,0.00166125504333448,-2.77956368759082,"Retain","Discard","Discard","Both_Fail"
"ASV_209","ASV_209",0,0,-Inf,"Retain","Discard","Discard","Both_Fail"
"ASV_210","ASV_210",0.666666666666667,0.000302738202116513,-3.51893277256322,"Retain","Discard","Discard","Both_Fail"
"ASV_212","ASV_212",1,0.00127097251018149,-2.89586384268407,"Retain","Discard","Retain","Only_prevN_pass"
"ASV_213","ASV_213",0,0,-Inf,"Retain","Discard","Discard","Both_Fail"
"ASV_214","ASV_214",0,0,-Inf,"Retain","Discard","Discard","Both_Fail"
"ASV_215","ASV_215",0.333333333333333,2.40944739438284e-05,-4.61808255123812,"Retain","Discard","Discard","Both_Fail"
"ASV_218","ASV_218",0.166666666666667,1.9139708387403e-05,-4.71806468341949,"Retain","Discard","Discard","Both_Fail"
"ASV_220","ASV_220",0,0,-Inf,"Retain","Discard","Discard","Both_Fail"
"ASV_221","ASV_221",1,0.00117464898177611,-2.93009189343725,"Retain","Discard","Retain","Only_prevN_pass"
"ASV_222","ASV_222",0,0,-Inf,"Retain","Discard","Discard","Both_Fail"
"ASV_223","ASV_223",0.166666666666667,1.15696551085812e-05,-4.93667958717379,"Retain","Discard","Discard","Both_Fail"
"ASV_224","ASV_224",1,0.00159852201212144,-2.7962813789875,"Retain","Discard","Retain","Only_prevN_pass"
"ASV_225","ASV_225",1,0.000872352094667607,-3.05930819177829,"Retain","Discard","Retain","Only_prevN_pass"
"ASV_227","ASV_227",0.833333333333333,0.000542065928443932,-3.26594788944292,"Retain","Discard","Discard","Both_Fail"
"ASV_228","ASV_228",0,0,-Inf,"Retain","Discard","Discard","Both_Fail"
"ASV_230","ASV_230",0,0,-Inf,"Retain","Discard","Discard","Both_Fail"
"ASV_232","ASV_232",0.666666666666667,0.00204811706185845,-2.68864522451932,"Retain","Discard","Discard","Both_Fail"
"ASV_233","ASV_233",0,0,-Inf,"Retain","Discard","Discard","Both_Fail"
"ASV_234","ASV_234",0.833333333333333,0.000707522657425098,-3.15025964790666,"Retain","Discard","Discard","Both_Fail"
"ASV_235","ASV_235",0,0,-Inf,"Retain","Discard","Discard","Both_Fail"
"ASV_237","ASV_237",0,0,-Inf,"Retain","Discard","Discard","Both_Fail"
"ASV_238","ASV_238",1,0.00069580144799855,-3.15751467179837,"Retain","Discard","Retain","Only_prevN_pass"
"ASV_239","ASV_239",0.833333333333333,0.000836605399064422,-3.07747933701056,"Retain","Discard","Discard","Both_Fail"
"ASV_240","ASV_240",0,0,-Inf,"Retain","Discard","Discard","Both_Fail"
"ASV_241","ASV_241",0.166666666666667,6.55613789486269e-05,-4.18335192051518,"Retain","Discard","Discard","Both_Fail"
"ASV_242","ASV_242",1,0.00236541490807112,-2.62609267036742,"Retain","Discard","Retain","Only_prevN_pass"
"ASV_244","ASV_244",0.333333333333333,8.80737457354948e-05,-4.05515353292142,"Retain","Discard","Discard","Both_Fail"
"ASV_245","ASV_245",0,0,-Inf,"Retain","Discard","Discard","Both_Fail"
"ASV_247","ASV_247",0,0,-Inf,"Retain","Discard","Discard","Both_Fail"
"ASV_250","ASV_250",0,0,-Inf,"Retain","Discard","Discard","Both_Fail"
"ASV_251","ASV_251",0.166666666666667,6.35792579029018e-05,-4.19668454547686,"Retain","Discard","Discard","Both_Fail"
"ASV_252","ASV_252",0,0,-Inf,"Retain","Discard","Discard","Both_Fail"
"ASV_254","ASV_254",1,0.00121883230768293,-2.91405604241913,"Retain","Discard","Retain","Only_prevN_pass"
"ASV_255","ASV_255",0,0,-Inf,"Retain","Discard","Discard","Both_Fail"
"ASV_256","ASV_256",0,0,-Inf,"Retain","Discard","Discard","Both_Fail"
"ASV_258","ASV_258",0.166666666666667,9.9842249246191e-06,-5.00068564376536,"Retain","Discard","Discard","Both_Fail"
"ASV_259","ASV_259",0.333333333333333,1.82325017431774e-05,-4.73915373624283,"Retain","Discard","Discard","Both_Fail"
"ASV_260","ASV_260",1,0.00103391579505009,-2.98551482994055,"Retain","Discard","Retain","Only_prevN_pass"
"ASV_262","ASV_262",0,0,-Inf,"Retain","Discard","Discard","Both_Fail"
"ASV_263","ASV_263",0.666666666666667,0.000573344307483118,-3.24158449507883,"Retain","Discard","Discard","Both_Fail"
"ASV_267","ASV_267",0.666666666666667,0.000227314052218219,-3.64337371600317,"Retain","Discard","Discard","Both_Fail"
"ASV_268","ASV_268",0,0,-Inf,"Retain","Discard","Discard","Both_Fail"
"ASV_269","ASV_269",0,0,-Inf,"Retain","Discard","Discard","Both_Fail"
"ASV_270","ASV_270",0.166666666666667,1.55466421473911e-05,-4.80836339791261,"Retain","Discard","Discard","Both_Fail"
"ASV_272","ASV_272",0,0,-Inf,"Retain","Discard","Discard","Both_Fail"
"ASV_276","ASV_276",0,0,-Inf,"Retain","Discard","Discard","Both_Fail"
"ASV_277","ASV_277",0,0,-Inf,"Retain","Discard","Discard","Both_Fail"
"ASV_278","ASV_278",0.5,0.000243243006723129,-3.61395963691866,"Retain","Discard","Discard","Both_Fail"
"ASV_279","ASV_279",0,0,-Inf,"Retain","Discard","Discard","Both_Fail"
"ASV_280","ASV_280",0.666666666666667,0.00073294199530395,-3.13493039386665,"Retain","Discard","Discard","Both_Fail"
"ASV_281","ASV_281",0,0,-Inf,"Retain","Discard","Discard","Both_Fail"
"ASV_282","ASV_282",1,0.000848091779704189,-3.07155714625481,"Retain","Discard","Retain","Only_prevN_pass"
"ASV_283","ASV_283",1,0.00071409974722556,-3.14624112065519,"Retain","Discard","Retain","Only_prevN_pass"
"ASV_285","ASV_285",0.166666666666667,5.12669341091729e-05,-4.29016265367879,"Retain","Discard","Discard","Both_Fail"
"ASV_286","ASV_286",0,0,-Inf,"Retain","Discard","Discard","Both_Fail"
"ASV_287","ASV_287",0,0,-Inf,"Retain","Discard","Discard","Both_Fail"
"ASV_290","ASV_290",0.666666666666667,0.000110404482540973,-3.95701329342485,"Retain","Discard","Discard","Both_Fail"
"ASV_291","ASV_291",0,0,-Inf,"Retain","Discard","Discard","Both_Fail"
"ASV_293","ASV_293",0.5,0.000110823588597318,-3.95536779098554,"Retain","Discard","Discard","Both_Fail"
"ASV_296","ASV_296",0,0,-Inf,"Retain","Discard","Discard","Both_Fail"
"ASV_298","ASV_298",0.666666666666667,0.000453459016438995,-3.34346195830334,"Retain","Discard","Discard","Both_Fail"
"ASV_299","ASV_299",0.833333333333333,0.000744989388245087,-3.12784991337174,"Retain","Discard","Discard","Both_Fail"
"ASV_301","ASV_301",0,0,-Inf,"Retain","Discard","Discard","Both_Fail"
"ASV_302","ASV_302",0,0,-Inf,"Retain","Discard","Discard","Both_Fail"
"ASV_303","ASV_303",0.166666666666667,0.000169731823718525,-3.77023672238708,"Retain","Discard","Discard","Both_Fail"
"ASV_304","ASV_304",0.333333333333333,0.000153185202432061,-3.81478318517658,"Retain","Discard","Discard","Both_Fail"
"ASV_306","ASV_306",0,0,-Inf,"Retain","Discard","Discard","Both_Fail"
"ASV_307","ASV_307",0,0,-Inf,"Retain","Discard","Discard","Both_Fail"
"ASV_308","ASV_308",0.333333333333333,4.02787795170832e-05,-4.39492369742891,"Retain","Discard","Discard","Both_Fail"
"ASV_309","ASV_309",0,0,-Inf,"Retain","Discard","Discard","Both_Fail"
"ASV_310","ASV_310",0.333333333333333,0.000139736745054694,-3.85468937716332,"Retain","Discard","Discard","Both_Fail"
"ASV_312","ASV_312",1,0.000894173704040717,-3.0485781060604,"Retain","Discard","Retain","Only_prevN_pass"
"ASV_313","ASV_313",0.166666666666667,6.66284663459617e-06,-5.1763401832072,"Retain","Discard","Discard","Both_Fail"
"ASV_314","ASV_314",0,0,-Inf,"Retain","Discard","Discard","Both_Fail"
"ASV_315","ASV_315",0,0,-Inf,"Retain","Discard","Discard","Both_Fail"
"ASV_316","ASV_316",0,0,-Inf,"Retain","Discard","Discard","Both_Fail"
"ASV_317","ASV_317",0,0,-Inf,"Retain","Discard","Discard","Both_Fail"
"ASV_318","ASV_318",1,0.000730030795734381,-3.13665881914611,"Retain","Discard","Retain","Only_prevN_pass"
"ASV_320","ASV_320",0.166666666666667,1.71158141564899e-05,-4.76660243773199,"Retain","Discard","Discard","Both_Fail"
"ASV_324","ASV_324",0,0,-Inf,"Retain","Discard","Discard","Both_Fail"
"ASV_325","ASV_325",1,0.000851621789869008,-3.06975323509327,"Retain","Discard","Retain","Only_prevN_pass"
"ASV_327","ASV_327",0,0,-Inf,"Retain","Discard","Discard","Both_Fail"
"ASV_328","ASV_328",0.833333333333333,0.000136761906024344,-3.86403485515471,"Retain","Discard","Discard","Both_Fail"
"ASV_331","ASV_331",0.833333333333333,0.000979914615113797,-3.00881176492021,"Retain","Discard","Discard","Both_Fail"
"ASV_332","ASV_332",0.833333333333333,8.59448615286225e-05,-4.06578008379921,"Retain","Discard","Discard","Both_Fail"
"ASV_336","ASV_336",0,0,-Inf,"Retain","Discard","Discard","Both_Fail"
"ASV_337","ASV_337",0,0,-Inf,"Retain","Discard","Discard","Both_Fail"
"ASV_338","ASV_338",0.166666666666667,1.8542132002864e-05,-4.73184033147278,"Retain","Discard","Discard","Both_Fail"
"ASV_339","ASV_339",1,0.000566457024682341,-3.24683303311089,"Retain","Discard","Retain","Only_prevN_pass"
"ASV_340","ASV_340",0,0,-Inf,"Retain","Discard","Discard","Both_Fail"
"ASV_341","ASV_341",0.333333333333333,0.000102745956726333,-3.98823525953455,"Retain","Discard","Discard","Both_Fail"
"ASV_344","ASV_344",0,0,-Inf,"Retain","Discard","Discard","Both_Fail"
"ASV_346","ASV_346",0.666666666666667,0.000553746224241599,-3.25668922202689,"Retain","Discard","Discard","Both_Fail"
"ASV_347","ASV_347",0,0,-Inf,"Retain","Discard","Discard","Both_Fail"
"ASV_348","ASV_348",0.166666666666667,8.21751084933527e-05,-4.08525971385987,"Retain","Discard","Discard","Both_Fail"
"ASV_349","ASV_349",0.5,6.1408045636138e-05,-4.21177472419326,"Retain","Discard","Discard","Both_Fail"
"ASV_350","ASV_350",0,0,-Inf,"Retain","Discard","Discard","Both_Fail"
"ASV_351","ASV_351",0,0,-Inf,"Retain","Discard","Discard","Both_Fail"
"ASV_352","ASV_352",0,0,-Inf,"Retain","Discard","Discard","Both_Fail"
"ASV_353","ASV_353",0,0,-Inf,"Retain","Discard","Discard","Both_Fail"
"ASV_354","ASV_354",0,0,-Inf,"Retain","Discard","Discard","Both_Fail"
"ASV_355","ASV_355",0.5,0.000270258937745791,-3.56821993456432,"Retain","Discard","Discard","Both_Fail"
"ASV_356","ASV_356",0.333333333333333,0.000437924517217895,-3.35860074013699,"Retain","Discard","Discard","Both_Fail"
"ASV_357","ASV_357",0.333333333333333,5.18912102977964e-05,-4.28490619980951,"Retain","Discard","Discard","Both_Fail"
"ASV_358","ASV_358",0,0,-Inf,"Retain","Discard","Discard","Both_Fail"
"ASV_360","ASV_360",0,0,-Inf,"Retain","Discard","Discard","Both_Fail"
"ASV_361","ASV_361",0.333333333333333,6.28237169979709e-05,-4.2018763719179,"Retain","Discard","Discard","Both_Fail"
"ASV_364","ASV_364",0,0,-Inf,"Retain","Discard","Discard","Both_Fail"
"ASV_365","ASV_365",0,0,-Inf,"Retain","Discard","Discard","Both_Fail"
"ASV_366","ASV_366",0,0,-Inf,"Retain","Discard","Discard","Both_Fail"
"ASV_367","ASV_367",0.166666666666667,0.000107983447680091,-3.96664281055124,"Retain","Discard","Discard","Both_Fail"
"ASV_368","ASV_368",1,0.000520028763837099,-3.28397263399934,"Retain","Discard","Retain","Only_prevN_pass"
"ASV_371","ASV_371",0,0,-Inf,"Retain","Discard","Discard","Both_Fail"
"ASV_372","ASV_372",0.666666666666667,0.000112774652396744,-3.94778850284616,"Retain","Discard","Discard","Both_Fail"
"ASV_373","ASV_373",0,0,-Inf,"Retain","Discard","Discard","Both_Fail"
"ASV_374","ASV_374",0,0,-Inf,"Retain","Discard","Discard","Both_Fail"
"ASV_376","ASV_376",0.5,2.36288048915183e-05,-4.62655824375673,"Retain","Discard","Discard","Both_Fail"
"ASV_377","ASV_377",0,0,-Inf,"Retain","Discard","Discard","Both_Fail"
"ASV_378","ASV_378",0.166666666666667,0.00017828973079677,-3.74887367077156,"Retain","Discard","Discard","Both_Fail"
"ASV_379","ASV_379",0,0,-Inf,"Retain","Discard","Discard","Both_Fail"
"ASV_380","ASV_380",0.833333333333333,0.000547036446196712,-3.26198373791735,"Retain","Discard","Discard","Both_Fail"
"ASV_381","ASV_381",0,0,-Inf,"Retain","Discard","Discard","Both_Fail"
"ASV_382","ASV_382",0.166666666666667,2.56334670545865e-05,-4.59119264934277,"Retain","Discard","Discard","Both_Fail"
"ASV_383","ASV_383",0,0,-Inf,"Retain","Discard","Discard","Both_Fail"
"ASV_384","ASV_384",0.333333333333333,3.45367276349246e-05,-4.46171881434879,"Retain","Discard","Discard","Both_Fail"
"ASV_385","ASV_385",0.833333333333333,0.00123830869752114,-2.90717107670683,"Retain","Discard","Discard","Both_Fail"
"ASV_386","ASV_386",0.666666666666667,0.000516036591990171,-3.28731950159767,"Retain","Discard","Discard","Both_Fail"
"ASV_387","ASV_387",0.833333333333333,0.00027774731850453,-3.55635012523789,"Retain","Discard","Discard","Both_Fail"
"ASV_388","ASV_388",0,0,-Inf,"Retain","Discard","Discard","Both_Fail"
"ASV_389","ASV_389",0.333333333333333,1.81858682753465e-05,-4.74026595893758,"Retain","Discard","Discard","Both_Fail"
"ASV_391","ASV_391",0.666666666666667,0.000710798557377996,-3.14825346230091,"Retain","Discard","Discard","Both_Fail"
"ASV_392","ASV_392",0,0,-Inf,"Retain","Discard","Discard","Both_Fail"
"ASV_393","ASV_393",0,0,-Inf,"Retain","Discard","Discard","Both_Fail"
"ASV_394","ASV_394",0.166666666666667,1.90737773708705e-05,-4.71956329075719,"Retain","Discard","Discard","Both_Fail"
"ASV_396","ASV_396",0.166666666666667,6.44075174677629e-05,-4.19106344002791,"Retain","Discard","Discard","Both_Fail"
"ASV_398","ASV_398",0.5,5.17356908531917e-05,-4.28620974718144,"Retain","Discard","Discard","Both_Fail"
"ASV_400","ASV_400",0.333333333333333,5.22069073811421e-05,-4.28227203264803,"Retain","Discard","Discard","Both_Fail"
"ASV_401","ASV_401",0,0,-Inf,"Retain","Discard","Discard","Both_Fail"
"ASV_402","ASV_402",0.666666666666667,4.54675030531119e-05,-4.34229889536672,"Retain","Discard","Discard","Both_Fail"
"ASV_405","ASV_405",0.5,0.00021368594138135,-3.6702240495783,"Retain","Discard","Discard","Both_Fail"
"ASV_406","ASV_406",0.5,0.000224182528336618,-3.64939823715883,"Retain","Discard","Discard","Both_Fail"
"ASV_407","ASV_407",0.333333333333333,0.000106302629629258,-3.97345599211499,"Retain","Discard","Discard","Both_Fail"
"ASV_409","ASV_409",0.166666666666667,4.02668633385045e-05,-4.39505219924369,"Retain","Discard","Discard","Both_Fail"
"ASV_411","ASV_411",0,0,-Inf,"Retain","Discard","Discard","Both_Fail"
"ASV_413","ASV_413",0,0,-Inf,"Retain","Discard","Discard","Both_Fail"
"ASV_414","ASV_414",0,0,-Inf,"Retain","Discard","Discard","Both_Fail"
"ASV_415","ASV_415",0,0,-Inf,"Retain","Discard","Discard","Both_Fail"
"ASV_416","ASV_416",0,0,-Inf,"Retain","Discard","Discard","Both_Fail"
"ASV_418","ASV_418",0,0,-Inf,"Retain","Discard","Discard","Both_Fail"
"ASV_421","ASV_421",0,0,-Inf,"Retain","Discard","Discard","Both_Fail"
"ASV_426","ASV_426",0,0,-Inf,"Retain","Discard","Discard","Both_Fail"
"ASV_428","ASV_428",1,0.000758465189108387,-3.12006434701313,"Retain","Discard","Retain","Only_prevN_pass"
"ASV_429","ASV_429",1,0.000715855855714718,-3.14517441815294,"Retain","Discard","Retain","Only_prevN_pass"
"ASV_433","ASV_433",0,0,-Inf,"Retain","Discard","Discard","Both_Fail"
"ASV_434","ASV_434",0,0,-Inf,"Retain","Discard","Discard","Both_Fail"
"ASV_436","ASV_436",0.166666666666667,6.44075174677629e-05,-4.19106344002791,"Retain","Discard","Discard","Both_Fail"
"ASV_440","ASV_440",0,0,-Inf,"Retain","Discard","Discard","Both_Fail"
"ASV_444","ASV_444",0,0,-Inf,"Retain","Discard","Discard","Both_Fail"
"ASV_445","ASV_445",0.333333333333333,4.67274004608781e-05,-4.3304283789778,"Retain","Discard","Discard","Both_Fail"
"ASV_448","ASV_448",0,0,-Inf,"Retain","Discard","Discard","Both_Fail"
"ASV_449","ASV_449",0,0,-Inf,"Retain","Discard","Discard","Both_Fail"
"ASV_450","ASV_450",0.5,0.000461337358902186,-3.33598137498611,"Retain","Discard","Discard","Both_Fail"
"ASV_451","ASV_451",0,0,-Inf,"Retain","Discard","Discard","Both_Fail"
"ASV_456","ASV_456",0.166666666666667,8.88379551279489e-06,-5.0514014465989,"Retain","Discard","Discard","Both_Fail"
"ASV_457","ASV_457",0.833333333333333,0.000782531959874081,-3.10649791612846,"Retain","Discard","Discard","Both_Fail"
"ASV_459","ASV_459",0.333333333333333,7.72776516192744e-05,-4.11194608411181,"Retain","Discard","Discard","Both_Fail"
"ASV_460","ASV_460",0.333333333333333,5.52888465174994e-05,-4.25736247058415,"Retain","Discard","Discard","Both_Fail"
"ASV_461","ASV_461",1,0.000688456013247953,-3.16212380241352,"Retain","Discard","Retain","Only_prevN_pass"
"ASV_463","ASV_463",0.666666666666667,0.000328301950727819,-3.48372653674123,"Retain","Discard","Discard","Both_Fail"
"ASV_464","ASV_464",0,0,-Inf,"Retain","Discard","Discard","Both_Fail"
"ASV_465","ASV_465",0,0,-Inf,"Retain","Discard","Discard","Both_Fail"
"ASV_466","ASV_466",0,0,-Inf,"Retain","Discard","Discard","Both_Fail"
"ASV_467","ASV_467",0,0,-Inf,"Retain","Discard","Discard","Both_Fail"
"ASV_468","ASV_468",0.166666666666667,3.70842640057281e-05,-4.4308103358088,"Retain","Discard","Discard","Both_Fail"
"ASV_470","ASV_470",0,0,-Inf,"Retain","Discard","Discard","Both_Fail"
"ASV_471","ASV_471",0.666666666666667,0.000303065325958573,-3.51846374890545,"Retain","Discard","Discard","Both_Fail"
"ASV_472","ASV_472",0,0,-Inf,"Retain","Discard","Discard","Both_Fail"
"ASV_473","ASV_473",0.166666666666667,1.55466421473911e-05,-4.80836339791261,"Retain","Discard","Discard","Both_Fail"
"ASV_476","ASV_476",0,0,-Inf,"Retain","Discard","Discard","Both_Fail"
"ASV_480","ASV_480",1,0.000631887597138333,-3.1993601690026,"Retain","Discard","Retain","Only_prevN_pass"
"ASV_481","ASV_481",0,0,-Inf,"Retain","Discard","Discard","Both_Fail"
"ASV_482","ASV_482",0.333333333333333,0.000258715298370836,-3.58717788979294,"Retain","Discard","Discard","Both_Fail"
"ASV_483","ASV_483",0,0,-Inf,"Retain","Discard","Discard","Both_Fail"
"ASV_484","ASV_484",0,0,-Inf,"Retain","Discard","Discard","Both_Fail"
"ASV_485","ASV_485",0,0,-Inf,"Retain","Discard","Discard","Both_Fail"
"ASV_486","ASV_486",0,0,-Inf,"Retain","Discard","Discard","Both_Fail"
"ASV_488","ASV_488",0,0,-Inf,"Retain","Discard","Discard","Both_Fail"
"ASV_489","ASV_489",0.5,0.000186699192334837,-3.72885756081515,"Retain","Discard","Discard","Both_Fail"
"ASV_491","ASV_491",0.5,6.05363373042093e-05,-4.21798385917547,"Retain","Discard","Discard","Both_Fail"
"ASV_492","ASV_492",0,0,-Inf,"Retain","Discard","Discard","Both_Fail"
"ASV_493","ASV_493",0,0,-Inf,"Retain","Discard","Discard","Both_Fail"
"ASV_494","ASV_494",0,0,-Inf,"Retain","Discard","Discard","Both_Fail"
"ASV_495","ASV_495",1,0.00015664941906149,-3.80507121137185,"Retain","Discard","Retain","Only_prevN_pass"
"ASV_500","ASV_500",0,0,-Inf,"Retain","Discard","Discard","Both_Fail"
"ASV_501","ASV_501",0.166666666666667,4.48585673455263e-05,-4.34815460065648,"Retain","Discard","Discard","Both_Fail"
"ASV_502","ASV_502",0,0,-Inf,"Retain","Discard","Discard","Both_Fail"
"ASV_503","ASV_503",0.5,6.13356533772531e-05,-4.212287004049,"Retain","Discard","Discard","Both_Fail"
"ASV_505","ASV_505",0,0,-Inf,"Retain","Discard","Discard","Both_Fail"
"ASV_506","ASV_506",0,0,-Inf,"Retain","Discard","Discard","Both_Fail"
"ASV_507","ASV_507",0,0,-Inf,"Retain","Discard","Discard","Both_Fail"
"ASV_508","ASV_508",0,0,-Inf,"Retain","Discard","Discard","Both_Fail"
"ASV_509","ASV_509",0.666666666666667,0.000262793239815757,-3.58038581091011,"Retain","Discard","Discard","Both_Fail"
"ASV_510","ASV_510",0,0,-Inf,"Retain","Discard","Discard","Both_Fail"
"ASV_511","ASV_511",0,0,-Inf,"Retain","Discard","Discard","Both_Fail"
"ASV_514","ASV_514",0.166666666666667,4.44189775639744e-06,-5.35243144226288,"Retain","Discard","Discard","Both_Fail"
"ASV_515","ASV_515",0,0,-Inf,"Retain","Discard","Discard","Both_Fail"
"ASV_516","ASV_516",0.833333333333333,0.000633758741336059,-3.19807603746084,"Retain","Discard","Discard","Both_Fail"
"ASV_519","ASV_519",0.333333333333333,0.000216692968168476,-3.66415518159748,"Retain","Discard","Discard","Both_Fail"
"ASV_520","ASV_520",0,0,-Inf,"Retain","Discard","Discard","Both_Fail"
"ASV_521","ASV_521",0.666666666666667,0.000225750403797424,-3.64637146419569,"Retain","Discard","Discard","Both_Fail"
"ASV_522","ASV_522",1,0.000272090223403996,-3.56528706276995,"Retain","Discard","Retain","Only_prevN_pass"
"ASV_523","ASV_523",0,0,-Inf,"Retain","Discard","Discard","Both_Fail"
"ASV_525","ASV_525",0.166666666666667,1.55466421473911e-05,-4.80836339791261,"Retain","Discard","Discard","Both_Fail"
"ASV_526","ASV_526",1,0.000190191304437489,-3.72080934292512,"Retain","Discard","Retain","Only_prevN_pass"
"ASV_528","ASV_528",1,0.000927973117891695,-3.03246460451433,"Retain","Discard","Retain","Only_prevN_pass"
"ASV_530","ASV_530",0.333333333333333,0.000188497170102315,-3.7246951654485,"Retain","Discard","Discard","Both_Fail"
"ASV_538","ASV_538",0,0,-Inf,"Retain","Discard","Discard","Both_Fail"
"ASV_542","ASV_542",0,0,-Inf,"Retain","Discard","Discard","Both_Fail"
"ASV_547","ASV_547",0,0,-Inf,"Retain","Discard","Discard","Both_Fail"
"ASV_548","ASV_548",1,0.000287263988303037,-3.54171881418047,"Retain","Discard","Retain","Only_prevN_pass"
"ASV_553","ASV_553",1,0.000661468400845343,-3.1794908977596,"Retain","Discard","Retain","Only_prevN_pass"
"ASV_557","ASV_557",0,0,-Inf,"Retain","Discard","Discard","Both_Fail"
"ASV_558","ASV_558",0,0,-Inf,"Retain","Discard","Discard","Both_Fail"
"ASV_559","ASV_559",0.666666666666667,0.000133779626909274,-3.87361001956196,"Retain","Discard","Discard","Both_Fail"
"ASV_560","ASV_560",0.833333333333333,0.000441889808585258,-3.35468601456404,"Retain","Discard","Discard","Both_Fail"
"ASV_562","ASV_562",0,0,-Inf,"Retain","Discard","Discard","Both_Fail"
"ASV_563","ASV_563",0.166666666666667,1.99885399037885e-05,-4.69921892848754,"Retain","Discard","Discard","Both_Fail"
"ASV_564","ASV_564",0,0,-Inf,"Retain","Discard","Discard","Both_Fail"
"ASV_568","ASV_568",0,0,-Inf,"Retain","Discard","Discard","Both_Fail"
"ASV_569","ASV_569",0,0,-Inf,"Retain","Discard","Discard","Both_Fail"
"ASV_570","ASV_570",1,0.000547628171738017,-3.26151421847146,"Retain","Discard","Retain","Only_prevN_pass"
"ASV_571","ASV_571",0.666666666666667,0.00022934579594179,-3.6395092163605,"Retain","Discard","Discard","Both_Fail"
"ASV_574","ASV_574",0,0,-Inf,"Retain","Discard","Discard","Both_Fail"
"ASV_576","ASV_576",0.166666666666667,2.54317031611607e-05,-4.59462455414889,"Retain","Discard","Discard","Both_Fail"
"ASV_579","ASV_579",0.333333333333333,3.35016968147309e-05,-4.47493319598966,"Retain","Discard","Discard","Both_Fail"
"ASV_581","ASV_581",0,0,-Inf,"Retain","Discard","Discard","Both_Fail"
"ASV_583","ASV_583",0,0,-Inf,"Retain","Discard","Discard","Both_Fail"
"ASV_585","ASV_585",1,0.000409924695804727,-3.38729591693931,"Retain","Discard","Retain","Only_prevN_pass"
"ASV_586","ASV_586",0,0,-Inf,"Retain","Discard","Discard","Both_Fail"
"ASV_588","ASV_588",0,0,-Inf,"Retain","Discard","Discard","Both_Fail"
"ASV_590","ASV_590",0,0,-Inf,"Retain","Discard","Discard","Both_Fail"
"ASV_591","ASV_591",0,0,-Inf,"Retain","Discard","Discard","Both_Fail"
"ASV_593","ASV_593",0.833333333333333,0.000202735795860383,-3.69306956372864,"Retain","Discard","Discard","Both_Fail"
"ASV_594","ASV_594",0.166666666666667,2.12110343657322e-05,-4.67343815239921,"Retain","Discard","Discard","Both_Fail"
"ASV_595","ASV_595",0.333333333333333,1.85586460435141e-05,-4.73145371116024,"Retain","Discard","Discard","Both_Fail"
"ASV_598","ASV_598",0,0,-Inf,"Retain","Discard","Discard","Both_Fail"
"ASV_599","ASV_599",0,0,-Inf,"Retain","Discard","Discard","Both_Fail"
"ASV_601","ASV_601",0,0,-Inf,"Retain","Discard","Discard","Both_Fail"
"ASV_602","ASV_602",0,0,-Inf,"Retain","Discard","Discard","Both_Fail"
"ASV_604","ASV_604",0.333333333333333,0.000168037588943611,-3.77459355848371,"Retain","Discard","Discard","Both_Fail"
"ASV_606","ASV_606",0.666666666666667,0.000346604065007373,-3.46016634814282,"Retain","Discard","Discard","Both_Fail"
"ASV_607","ASV_607",0,0,-Inf,"Retain","Discard","Discard","Both_Fail"
"ASV_608","ASV_608",0,0,-Inf,"Retain","Discard","Discard","Both_Fail"
"ASV_611","ASV_611",0,0,-Inf,"Retain","Discard","Discard","Both_Fail"
"ASV_614","ASV_614",0,0,-Inf,"Retain","Discard","Discard","Both_Fail"
"ASV_615","ASV_615",0.833333333333333,0.00121572279626497,-2.91516543968221,"Retain","Discard","Discard","Both_Fail"
"ASV_616","ASV_616",0,0,-Inf,"Retain","Discard","Discard","Both_Fail"
"ASV_618","ASV_618",0,0,-Inf,"Retain","Discard","Discard","Both_Fail"
"ASV_620","ASV_620",0,0,-Inf,"Retain","Discard","Discard","Both_Fail"
"ASV_621","ASV_621",0,0,-Inf,"Retain","Discard","Discard","Both_Fail"
"ASV_622","ASV_622",0,0,-Inf,"Retain","Discard","Discard","Both_Fail"
"ASV_623","ASV_623",0.833333333333333,7.41598237640687e-05,-4.12983131093453,"Retain","Discard","Discard","Both_Fail"
"ASV_624","ASV_624",0,0,-Inf,"Retain","Discard","Discard","Both_Fail"
"ASV_625","ASV_625",0.666666666666667,0.000147534149262955,-3.83110744327967,"Retain","Discard","Discard","Both_Fail"
"ASV_627","ASV_627",1,0.000511813947428687,-3.29088788333984,"Retain","Discard","Retain","Only_prevN_pass"
"ASV_629","ASV_629",0.666666666666667,0.000288451845809458,-3.53992667763738,"Retain","Discard","Discard","Both_Fail"
"ASV_634","ASV_634",0.833333333333333,0.000177384514701162,-3.75108429585364,"Retain","Discard","Discard","Both_Fail"
"ASV_636","ASV_636",0,0,-Inf,"Retain","Discard","Discard","Both_Fail"
"ASV_638","ASV_638",0.5,0.000147379585765165,-3.83156266846838,"Retain","Discard","Discard","Both_Fail"
"ASV_639","ASV_639",0.333333333333333,8.83430638485418e-05,-4.0538275429377,"Retain","Discard","Discard","Both_Fail"
"ASV_641","ASV_641",1,0.000377836462500192,-3.42269613350122,"Retain","Discard","Retain","Only_prevN_pass"
"ASV_645","ASV_645",0,0,-Inf,"Retain","Discard","Discard","Both_Fail"
"ASV_647","ASV_647",0,0,-Inf,"Retain","Discard","Discard","Both_Fail"
"ASV_648","ASV_648",0.666666666666667,0.000147156232004136,-3.83222134098743,"Retain","Discard","Discard","Both_Fail"
"ASV_650","ASV_650",0.666666666666667,9.5850461776216e-05,-4.01840579049192,"Retain","Discard","Discard","Both_Fail"
"ASV_652","ASV_652",0,0,-Inf,"Retain","Discard","Discard","Both_Fail"
"ASV_654","ASV_654",0,0,-Inf,"Retain","Discard","Discard","Both_Fail"
"ASV_656","ASV_656",0,0,-Inf,"Retain","Discard","Discard","Both_Fail"
"ASV_658","ASV_658",0,0,-Inf,"Retain","Discard","Discard","Both_Fail"
"ASV_659","ASV_659",0.333333333333333,0.000109396743074685,-3.9609956074884,"Retain","Discard","Discard","Both_Fail"
"ASV_660","ASV_660",0,0,-Inf,"Retain","Discard","Discard","Both_Fail"
"ASV_661","ASV_661",0,0,-Inf,"Retain","Discard","Discard","Both_Fail"
"ASV_663","ASV_663",0,0,-Inf,"Retain","Discard","Discard","Both_Fail"
"ASV_664","ASV_664",0.5,2.02491433911261e-05,-4.69359334422096,"Retain","Discard","Discard","Both_Fail"
"ASV_666","ASV_666",1,0.000600524194954451,-3.22146949030349,"Retain","Discard","Retain","Only_prevN_pass"
"ASV_667","ASV_667",0.166666666666667,7.20564922899553e-05,-4.14232688315426,"Retain","Discard","Discard","Both_Fail"
"ASV_669","ASV_669",0,0,-Inf,"Retain","Discard","Discard","Both_Fail"
"ASV_671","ASV_671",0,0,-Inf,"Retain","Discard","Discard","Both_Fail"
"ASV_672","ASV_672",0,0,-Inf,"Retain","Discard","Discard","Both_Fail"
"ASV_673","ASV_673",0,0,-Inf,"Retain","Discard","Discard","Both_Fail"
"ASV_674","ASV_674",0,0,-Inf,"Retain","Discard","Discard","Both_Fail"
"ASV_675","ASV_675",0.5,0.000130086995305475,-3.88576611734593,"Retain","Discard","Discard","Both_Fail"
"ASV_677","ASV_677",0,0,-Inf,"Retain","Discard","Discard","Both_Fail"
"ASV_678","ASV_678",0,0,-Inf,"Retain","Discard","Discard","Both_Fail"
"ASV_680","ASV_680",0,0,-Inf,"Retain","Discard","Discard","Both_Fail"
"ASV_681","ASV_681",0,0,-Inf,"Retain","Discard","Discard","Both_Fail"
"ASV_683","ASV_683",0,0,-Inf,"Retain","Discard","Discard","Both_Fail"
"ASV_685","ASV_685",0,0,-Inf,"Retain","Discard","Discard","Both_Fail"
"ASV_686","ASV_686",0,0,-Inf,"Retain","Discard","Discard","Both_Fail"
"ASV_687","ASV_687",0.166666666666667,3.28053104666056e-05,-4.48405584776202,"Retain","Discard","Discard","Both_Fail"
"ASV_691","ASV_691",0.833333333333333,9.32618155797933e-05,-4.03029613414626,"Retain","Discard","Discard","Both_Fail"
"ASV_693","ASV_693",0,0,-Inf,"Retain","Discard","Discard","Both_Fail"
"ASV_696","ASV_696",0.166666666666667,7.13158923187079e-06,-5.14681367944359,"Retain","Discard","Discard","Both_Fail"
"ASV_697","ASV_697",0,0,-Inf,"Retain","Discard","Discard","Both_Fail"
"ASV_699","ASV_699",0.166666666666667,8.11726456728571e-05,-4.09059029877359,"Retain","Discard","Discard","Both_Fail"
"ASV_700","ASV_700",0,0,-Inf,"Retain","Discard","Discard","Both_Fail"
"ASV_702","ASV_702",0,0,-Inf,"Retain","Discard","Discard","Both_Fail"
"ASV_704","ASV_704",0,0,-Inf,"Retain","Discard","Discard","Both_Fail"
"ASV_707","ASV_707",0.833333333333333,0.000420809568305392,-3.3759143938187,"Retain","Discard","Discard","Both_Fail"
"ASV_708","ASV_708",0.333333333333333,7.70157176104837e-05,-4.1134206335949,"Retain","Discard","Discard","Both_Fail"
"ASV_711","ASV_711",1,0.000494567127604425,-3.30577475326879,"Retain","Discard","Retain","Only_prevN_pass"
"ASV_712","ASV_712",0.333333333333333,0.000125475196305123,-3.9014421161945,"Retain","Discard","Discard","Both_Fail"
"ASV_715","ASV_715",0,0,-Inf,"Retain","Discard","Discard","Both_Fail"
"ASV_717","ASV_717",0,0,-Inf,"Retain","Discard","Discard","Both_Fail"
"ASV_722","ASV_722",0,0,-Inf,"Retain","Discard","Discard","Both_Fail"
"ASV_724","ASV_724",0,0,-Inf,"Retain","Discard","Discard","Both_Fail"
"ASV_729","ASV_729",0,0,-Inf,"Retain","Discard","Discard","Both_Fail"
"ASV_730","ASV_730",0,0,-Inf,"Retain","Discard","Discard","Both_Fail"
"ASV_731","ASV_731",0,0,-Inf,"Retain","Discard","Discard","Both_Fail"
"ASV_734","ASV_734",0,0,-Inf,"Retain","Discard","Discard","Both_Fail"
"ASV_735","ASV_735",0,0,-Inf,"Retain","Discard","Discard","Both_Fail"
"ASV_738","ASV_738",0,0,-Inf,"Retain","Discard","Discard","Both_Fail"
"ASV_739","ASV_739",0,0,-Inf,"Retain","Discard","Discard","Both_Fail"
"ASV_744","ASV_744",0.333333333333333,3.85306719066525e-05,-4.41419341759465,"Retain","Discard","Discard","Both_Fail"
"ASV_745","ASV_745",0,0,-Inf,"Retain","Discard","Discard","Both_Fail"
"ASV_749","ASV_749",0,0,-Inf,"Retain","Discard","Discard","Both_Fail"
"ASV_752","ASV_752",0,0,-Inf,"Retain","Discard","Discard","Both_Fail"
"ASV_754","ASV_754",0,0,-Inf,"Retain","Discard","Discard","Both_Fail"
"ASV_757","ASV_757",0,0,-Inf,"Retain","Discard","Discard","Both_Fail"
"ASV_759","ASV_759",0.666666666666667,0.000367144012638572,-3.43516354984547,"Retain","Discard","Discard","Both_Fail"
"ASV_760","ASV_760",0.5,5.25637762795014e-05,-4.27931344180373,"Retain","Discard","Discard","Both_Fail"
"ASV_763","ASV_763",0,0,-Inf,"Retain","Discard","Discard","Both_Fail"
"ASV_764","ASV_764",1,0.00036739132804849,-3.43487109905127,"Retain","Discard","Retain","Only_prevN_pass"
"ASV_765","ASV_765",0,0,-Inf,"Retain","Discard","Discard","Both_Fail"
"ASV_766","ASV_766",1,0.000221455326607477,-3.65471386928117,"Retain","Discard","Retain","Only_prevN_pass"
"ASV_767","ASV_767",1,0.000140825356167233,-3.85131914169908,"Retain","Discard","Retain","Only_prevN_pass"
"ASV_768","ASV_768",0,0,-Inf,"Retain","Discard","Discard","Both_Fail"
"ASV_770","ASV_770",0.666666666666667,0.00036178879179302,-3.4415448916991,"Retain","Discard","Discard","Both_Fail"
"ASV_773","ASV_773",0,0,-Inf,"Retain","Discard","Discard","Both_Fail"
"ASV_774","ASV_774",0,0,-Inf,"Retain","Discard","Discard","Both_Fail"
"ASV_779","ASV_779",0,0,-Inf,"Retain","Discard","Discard","Both_Fail"
"ASV_780","ASV_780",0,0,-Inf,"Retain","Discard","Discard","Both_Fail"
"ASV_781","ASV_781",0.166666666666667,8.09875857600685e-05,-4.09158154715954,"Retain","Discard","Discard","Both_Fail"
"ASV_782","ASV_782",0.166666666666667,1.33256932691923e-05,-4.87531018754322,"Retain","Discard","Discard","Both_Fail"
"ASV_784","ASV_784",0,0,-Inf,"Retain","Discard","Discard","Both_Fail"
"ASV_788","ASV_788",0,0,-Inf,"Retain","Discard","Discard","Both_Fail"
"ASV_789","ASV_789",0,0,-Inf,"Retain","Discard","Discard","Both_Fail"
"ASV_792","ASV_792",0.833333333333333,0.000566825893460446,-3.24655031874544,"Retain","Discard","Discard","Both_Fail"
"ASV_793","ASV_793",0,0,-Inf,"Retain","Discard","Discard","Both_Fail"
"ASV_794","ASV_794",0,0,-Inf,"Retain","Discard","Discard","Both_Fail"
"ASV_795","ASV_795",0,0,-Inf,"Retain","Discard","Discard","Both_Fail"
"ASV_799","ASV_799",0,0,-Inf,"Retain","Discard","Discard","Both_Fail"
"ASV_801","ASV_801",0,0,-Inf,"Retain","Discard","Discard","Both_Fail"
"ASV_803","ASV_803",0,0,-Inf,"Retain","Discard","Discard","Both_Fail"
"ASV_805","ASV_805",0,0,-Inf,"Retain","Discard","Discard","Both_Fail"
"ASV_806","ASV_806",0,0,-Inf,"Retain","Discard","Discard","Both_Fail"
"ASV_807","ASV_807",0.833333333333333,0.000402177131101193,-3.39558262821697,"Retain","Discard","Discard","Both_Fail"
"ASV_808","ASV_808",0,0,-Inf,"Retain","Discard","Discard","Both_Fail"
"ASV_810","ASV_810",0,0,-Inf,"Retain","Discard","Discard","Both_Fail"
"ASV_811","ASV_811",0,0,-Inf,"Retain","Discard","Discard","Both_Fail"
"ASV_812","ASV_812",0,0,-Inf,"Retain","Discard","Discard","Both_Fail"
"ASV_814","ASV_814",0.833333333333333,0.000122761901712735,-3.91093639250358,"Retain","Discard","Discard","Both_Fail"
"ASV_815","ASV_815",0,0,-Inf,"Retain","Discard","Discard","Both_Fail"
"ASV_817","ASV_817",0,0,-Inf,"Retain","Discard","Discard","Both_Fail"
"ASV_821","ASV_821",0,0,-Inf,"Retain","Discard","Discard","Both_Fail"
"ASV_822","ASV_822",0.166666666666667,6.21865685895642e-05,-4.20630340658464,"Retain","Discard","Discard","Both_Fail"
"ASV_823","ASV_823",0,0,-Inf,"Retain","Discard","Discard","Both_Fail"
"ASV_829","ASV_829",0,0,-Inf,"Retain","Discard","Discard","Both_Fail"
"ASV_831","ASV_831",0.833333333333333,0.000502192854574971,-3.29912947091568,"Retain","Discard","Discard","Both_Fail"
"ASV_832","ASV_832",0.5,0.000275382101007275,-3.56006429097231,"Retain","Discard","Discard","Both_Fail"
"ASV_834","ASV_834",0,0,-Inf,"Retain","Discard","Discard","Both_Fail"
"ASV_835","ASV_835",0,0,-Inf,"Retain","Discard","Discard","Both_Fail"
"ASV_837","ASV_837",0,0,-Inf,"Retain","Discard","Discard","Both_Fail"
"ASV_839","ASV_839",0,0,-Inf,"Retain","Discard","Discard","Both_Fail"
"ASV_844","ASV_844",0,0,-Inf,"Retain","Discard","Discard","Both_Fail"
"ASV_847","ASV_847",0,0,-Inf,"Retain","Discard","Discard","Both_Fail"
"ASV_848","ASV_848",0,0,-Inf,"Retain","Discard","Discard","Both_Fail"
"ASV_855","ASV_855",0,0,-Inf,"Retain","Discard","Discard","Both_Fail"
"ASV_856","ASV_856",0.5,0.000127596498959977,-3.89416124178431,"Retain","Discard","Discard","Both_Fail"
"ASV_857","ASV_857",0.166666666666667,7.32744823543477e-05,-4.13504724094063,"Retain","Discard","Discard","Both_Fail"
"ASV_858","ASV_858",0,0,-Inf,"Retain","Discard","Discard","Both_Fail"
"ASV_859","ASV_859",0,0,-Inf,"Retain","Discard","Discard","Both_Fail"
"ASV_860","ASV_860",0,0,-Inf,"Retain","Discard","Discard","Both_Fail"
"ASV_862","ASV_862",0,0,-Inf,"Retain","Discard","Discard","Both_Fail"
"ASV_863","ASV_863",0,0,-Inf,"Retain","Discard","Discard","Both_Fail"
"ASV_868","ASV_868",0,0,-Inf,"Retain","Discard","Discard","Both_Fail"
"ASV_871","ASV_871",0,0,-Inf,"Retain","Discard","Discard","Both_Fail"
"ASV_872","ASV_872",0,0,-Inf,"Retain","Discard","Discard","Both_Fail"
"ASV_873","ASV_873",0,0,-Inf,"Retain","Discard","Discard","Both_Fail"
"ASV_875","ASV_875",0,0,-Inf,"Retain","Discard","Discard","Both_Fail"
"ASV_877","ASV_877",0.166666666666667,7.27308918721314e-05,-4.13828108680268,"Retain","Discard","Discard","Both_Fail"
"ASV_878","ASV_878",0,0,-Inf,"Retain","Discard","Discard","Both_Fail"
"ASV_879","ASV_879",0,0,-Inf,"Retain","Discard","Discard","Both_Fail"
"ASV_880","ASV_880",0.833333333333333,0.000130956548151792,-3.88287278089595,"Retain","Discard","Discard","Both_Fail"
"ASV_881","ASV_881",0.166666666666667,2.42474033883607e-05,-4.61533476240134,"Retain","Discard","Discard","Both_Fail"
"ASV_886","ASV_886",0,0,-Inf,"Retain","Discard","Discard","Both_Fail"
"ASV_888","ASV_888",0,0,-Inf,"Retain","Discard","Discard","Both_Fail"
"ASV_890","ASV_890",0,0,-Inf,"Retain","Discard","Discard","Both_Fail"
"ASV_892","ASV_892",0,0,-Inf,"Retain","Discard","Discard","Both_Fail"
"ASV_894","ASV_894",0,0,-Inf,"Retain","Discard","Discard","Both_Fail"
"ASV_895","ASV_895",0,0,-Inf,"Retain","Discard","Discard","Both_Fail"
"ASV_899","ASV_899",0,0,-Inf,"Retain","Discard","Discard","Both_Fail"
"ASV_900","ASV_900",0,0,-Inf,"Retain","Discard","Discard","Both_Fail"
"ASV_902","ASV_902",0,0,-Inf,"Retain","Discard","Discard","Both_Fail"
"ASV_909","ASV_909",0,0,-Inf,"Retain","Discard","Discard","Both_Fail"
"ASV_913","ASV_913",0.5,0.000275817755576034,-3.55937777985528,"Retain","Discard","Discard","Both_Fail"
"ASV_914","ASV_914",0,0,-Inf,"Retain","Discard","Discard","Both_Fail"
"ASV_915","ASV_915",0.5,0.000330269859195926,-3.48113105870996,"Retain","Discard","Discard","Both_Fail"
"ASV_917","ASV_917",0,0,-Inf,"Retain","Discard","Discard","Both_Fail"
"ASV_920","ASV_920",0,0,-Inf,"Retain","Discard","Discard","Both_Fail"
"ASV_921","ASV_921",1,0.000190887642791293,-3.71922218497069,"Retain","Discard","Retain","Only_prevN_pass"
"ASV_923","ASV_923",0.666666666666667,0.00023884890009305,-3.62187675431623,"Retain","Discard","Discard","Both_Fail"
"ASV_924","ASV_924",0.166666666666667,3.47089653257436e-05,-4.45955833245413,"Retain","Discard","Discard","Both_Fail"
"ASV_926","ASV_926",0,0,-Inf,"Retain","Discard","Discard","Both_Fail"
"ASV_927","ASV_927",0.833333333333333,0.000171974251101664,-3.76453657310164,"Retain","Discard","Discard","Both_Fail"
"ASV_929","ASV_929",0.833333333333333,0.000287353325566638,-3.54158377237096,"Retain","Discard","Discard","Both_Fail"
"ASV_930","ASV_930",0,0,-Inf,"Retain","Discard","Discard","Both_Fail"
"ASV_931","ASV_931",0,0,-Inf,"Retain","Discard","Discard","Both_Fail"
"ASV_933","ASV_933",0,0,-Inf,"Retain","Discard","Discard","Both_Fail"
"ASV_934","ASV_934",0,0,-Inf,"Retain","Discard","Discard","Both_Fail"
"ASV_935","ASV_935",0,0,-Inf,"Retain","Discard","Discard","Both_Fail"
"ASV_937","ASV_937",0,0,-Inf,"Retain","Discard","Discard","Both_Fail"
"ASV_938","ASV_938",0.5,7.04943881312605e-05,-4.1518454546488,"Retain","Discard","Discard","Both_Fail"
"ASV_939","ASV_939",1,0.000386868447333965,-3.41243668952802,"Retain","Discard","Retain","Only_prevN_pass"
"ASV_942","ASV_942",0,0,-Inf,"Retain","Discard","Discard","Both_Fail"
"ASV_943","ASV_943",0.166666666666667,1.06806112727444e-05,-4.97140389105438,"Retain","Discard","Discard","Both_Fail"
"ASV_944","ASV_944",0,0,-Inf,"Retain","Discard","Discard","Both_Fail"
"ASV_945","ASV_945",0.833333333333333,0.000162660776392773,-3.78871715910895,"Retain","Discard","Discard","Both_Fail"
"ASV_948","ASV_948",0,0,-Inf,"Retain","Discard","Discard","Both_Fail"
"ASV_949","ASV_949",0,0,-Inf,"Retain","Discard","Discard","Both_Fail"
"ASV_950","ASV_950",0,0,-Inf,"Retain","Discard","Discard","Both_Fail"
"ASV_956","ASV_956",0,0,-Inf,"Retain","Discard","Discard","Both_Fail"
"ASV_957","ASV_957",0.833333333333333,0.000137422240867138,-3.86194297394168,"Retain","Discard","Discard","Both_Fail"
"ASV_958","ASV_958",0,0,-Inf,"Retain","Discard","Discard","Both_Fail"
"ASV_959","ASV_959",0.666666666666667,0.000158003423905088,-3.80133350186219,"Retain","Discard","Discard","Both_Fail"
"ASV_960","ASV_960",0,0,-Inf,"Retain","Discard","Discard","Both_Fail"
"ASV_963","ASV_963",0.333333333333333,3.93307645323342e-05,-4.40526761146092,"Retain","Discard","Discard","Both_Fail"
"ASV_966","ASV_966",0,0,-Inf,"Retain","Discard","Discard","Both_Fail"
"ASV_969","ASV_969",0.166666666666667,2.85263569274831e-05,-4.54475368811563,"Retain","Discard","Discard","Both_Fail"
"ASV_972","ASV_972",0,0,-Inf,"Retain","Discard","Discard","Both_Fail"
"ASV_973","ASV_973",0,0,-Inf,"Retain","Discard","Discard","Both_Fail"
"ASV_975","ASV_975",0,0,-Inf,"Retain","Discard","Discard","Both_Fail"
"ASV_978","ASV_978",0,0,-Inf,"Retain","Discard","Discard","Both_Fail"
"ASV_980","ASV_980",0,0,-Inf,"Retain","Discard","Discard","Both_Fail"
"ASV_981","ASV_981",0.166666666666667,1.56894963101157e-05,-4.80439099862139,"Retain","Discard","Discard","Both_Fail"
"ASV_983","ASV_983",0.666666666666667,0.00024483881514316,-3.61111973086388,"Retain","Discard","Discard","Both_Fail"
"ASV_986","ASV_986",0,0,-Inf,"Retain","Discard","Discard","Both_Fail"
"ASV_992","ASV_992",0,0,-Inf,"Retain","Discard","Discard","Both_Fail"
"ASV_994","ASV_994",0,0,-Inf,"Retain","Discard","Discard","Both_Fail"
"ASV_998","ASV_998",0,0,-Inf,"Retain","Discard","Discard","Both_Fail"
"ASV_1000","ASV_1000",0,0,-Inf,"Retain","Discard","Discard","Both_Fail"
"ASV_1005","ASV_1005",0.333333333333333,1.65968989185157e-05,-4.77997305101958,"Retain","Discard","Discard","Both_Fail"
"ASV_1008","ASV_1008",0,0,-Inf,"Retain","Discard","Discard","Both_Fail"
"ASV_1011","ASV_1011",0,0,-Inf,"Retain","Discard","Discard","Both_Fail"
"ASV_1016","ASV_1016",0.333333333333333,1.84536497064964e-05,-4.73391772757328,"Retain","Discard","Discard","Both_Fail"
"ASV_1017","ASV_1017",0,0,-Inf,"Retain","Discard","Discard","Both_Fail"
"ASV_1019","ASV_1019",0,0,-Inf,"Retain","Discard","Discard","Both_Fail"
"ASV_1020","ASV_1020",0.166666666666667,1.77675910255898e-05,-4.75037145093492,"Retain","Discard","Discard","Both_Fail"
"ASV_1024","ASV_1024",0,0,-Inf,"Retain","Discard","Discard","Both_Fail"
"ASV_1028","ASV_1028",0,0,-Inf,"Retain","Discard","Discard","Both_Fail"
"ASV_1030","ASV_1030",0.833333333333333,0.00029494878465403,-3.53025338901555,"Retain","Discard","Discard","Both_Fail"
"ASV_1032","ASV_1032",0,0,-Inf,"Retain","Discard","Discard","Both_Fail"
"ASV_1034","ASV_1034",0,0,-Inf,"Retain","Discard","Discard","Both_Fail"
"ASV_1035","ASV_1035",0,0,-Inf,"Retain","Discard","Discard","Both_Fail"
"ASV_1039","ASV_1039",0,0,-Inf,"Retain","Discard","Discard","Both_Fail"
"ASV_1041","ASV_1041",0,0,-Inf,"Retain","Discard","Discard","Both_Fail"
"ASV_1043","ASV_1043",0,0,-Inf,"Retain","Discard","Discard","Both_Fail"
"ASV_1045","ASV_1045",0,0,-Inf,"Retain","Discard","Discard","Both_Fail"
"ASV_1046","ASV_1046",0,0,-Inf,"Retain","Discard","Discard","Both_Fail"
"ASV_1048","ASV_1048",0,0,-Inf,"Retain","Discard","Discard","Both_Fail"
"ASV_1050","ASV_1050",0.833333333333333,0.000245347064930641,-3.61021913308576,"Retain","Discard","Discard","Both_Fail"
"ASV_1052","ASV_1052",0,0,-Inf,"Retain","Discard","Discard","Both_Fail"
"ASV_1053","ASV_1053",0,0,-Inf,"Retain","Discard","Discard","Both_Fail"
"ASV_1055","ASV_1055",0,0,-Inf,"Retain","Discard","Discard","Both_Fail"
"ASV_1056","ASV_1056",0,0,-Inf,"Retain","Discard","Discard","Both_Fail"
"ASV_1057","ASV_1057",0,0,-Inf,"Retain","Discard","Discard","Both_Fail"
"ASV_1058","ASV_1058",0,0,-Inf,"Retain","Discard","Discard","Both_Fail"
"ASV_1061","ASV_1061",0,0,-Inf,"Retain","Discard","Discard","Both_Fail"
"ASV_1062","ASV_1062",0,0,-Inf,"Retain","Discard","Discard","Both_Fail"
"ASV_1071","ASV_1071",0,0,-Inf,"Retain","Discard","Discard","Both_Fail"
"ASV_1076","ASV_1076",0.333333333333333,1.19853479148186e-05,-4.92134935459714,"Retain","Discard","Discard","Both_Fail"
"ASV_1077","ASV_1077",0,0,-Inf,"Retain","Discard","Discard","Both_Fail"
"ASV_1078","ASV_1078",0,0,-Inf,"Retain","Discard","Discard","Both_Fail"
"ASV_1080","ASV_1080",0,0,-Inf,"Retain","Discard","Discard","Both_Fail"
"ASV_1082","ASV_1082",0,0,-Inf,"Retain","Discard","Discard","Both_Fail"
"ASV_1086","ASV_1086",0,0,-Inf,"Retain","Discard","Discard","Both_Fail"
"ASV_1088","ASV_1088",0.666666666666667,3.48279620865242e-05,-4.4580719369822,"Retain","Discard","Discard","Both_Fail"
"ASV_1089","ASV_1089",0,0,-Inf,"Retain","Discard","Discard","Both_Fail"
"ASV_1092","ASV_1092",0,0,-Inf,"Retain","Discard","Discard","Both_Fail"
"ASV_1094","ASV_1094",0,0,-Inf,"Retain","Discard","Discard","Both_Fail"
"ASV_1097","ASV_1097",0,0,-Inf,"Retain","Discard","Discard","Both_Fail"
"ASV_1099","ASV_1099",0,0,-Inf,"Retain","Discard","Discard","Both_Fail"
"ASV_1102","ASV_1102",0,0,-Inf,"Retain","Discard","Discard","Both_Fail"
"ASV_1103","ASV_1103",0,0,-Inf,"Retain","Discard","Discard","Both_Fail"
"ASV_1104","ASV_1104",0,0,-Inf,"Retain","Discard","Discard","Both_Fail"
"ASV_1105","ASV_1105",0,0,-Inf,"Retain","Discard","Discard","Both_Fail"
"ASV_1112","ASV_1112",0,0,-Inf,"Retain","Discard","Discard","Both_Fail"
"ASV_1113","ASV_1113",0.333333333333333,0.000146634428315985,-3.83376404966609,"Retain","Discard","Discard","Both_Fail"
"ASV_1115","ASV_1115",0,0,-Inf,"Retain","Discard","Discard","Both_Fail"
"ASV_1116","ASV_1116",0,0,-Inf,"Retain","Discard","Discard","Both_Fail"
"ASV_1119","ASV_1119",0,0,-Inf,"Retain","Discard","Discard","Both_Fail"
"ASV_1121","ASV_1121",0,0,-Inf,"Retain","Discard","Discard","Both_Fail"
"ASV_1122","ASV_1122",0.166666666666667,2.8924137771453e-05,-4.53873957850176,"Retain","Discard","Discard","Both_Fail"
"ASV_1124","ASV_1124",0.333333333333333,2.27392963283977e-05,-4.64322297876096,"Retain","Discard","Discard","Both_Fail"
"ASV_1126","ASV_1126",0,0,-Inf,"Retain","Discard","Discard","Both_Fail"
"ASV_1128","ASV_1128",0,0,-Inf,"Retain","Discard","Discard","Both_Fail"
"ASV_1129","ASV_1129",0,0,-Inf,"Retain","Discard","Discard","Both_Fail"
"ASV_1131","ASV_1131",0,0,-Inf,"Retain","Discard","Discard","Both_Fail"
"ASV_1134","ASV_1134",0.5,9.23603692232486e-05,-4.03451433959961,"Retain","Discard","Discard","Both_Fail"
"ASV_1136","ASV_1136",0,0,-Inf,"Retain","Discard","Discard","Both_Fail"
"ASV_1137","ASV_1137",0,0,-Inf,"Retain","Discard","Discard","Both_Fail"
"ASV_1138","ASV_1138",0,0,-Inf,"Retain","Discard","Discard","Both_Fail"
"ASV_1140","ASV_1140",0,0,-Inf,"Retain","Discard","Discard","Both_Fail"
"ASV_1142","ASV_1142",0,0,-Inf,"Retain","Discard","Discard","Both_Fail"
"ASV_1144","ASV_1144",0,0,-Inf,"Retain","Discard","Discard","Both_Fail"
"ASV_1148","ASV_1148",0,0,-Inf,"Retain","Discard","Discard","Both_Fail"
"ASV_1149","ASV_1149",0,0,-Inf,"Retain","Discard","Discard","Both_Fail"
"ASV_1150","ASV_1150",0,0,-Inf,"Retain","Discard","Discard","Both_Fail"
"ASV_1151","ASV_1151",0,0,-Inf,"Retain","Discard","Discard","Both_Fail"
"ASV_1153","ASV_1153",0,0,-Inf,"Retain","Discard","Discard","Both_Fail"
"ASV_1155","ASV_1155",0,0,-Inf,"Retain","Discard","Discard","Both_Fail"
"ASV_1163","ASV_1163",0,0,-Inf,"Retain","Discard","Discard","Both_Fail"
"ASV_1164","ASV_1164",0,0,-Inf,"Retain","Discard","Discard","Both_Fail"
"ASV_1169","ASV_1169",0,0,-Inf,"Retain","Discard","Discard","Both_Fail"
"ASV_1170","ASV_1170",0.166666666666667,0.000111047443909936,-3.95449143359084,"Retain","Discard","Discard","Both_Fail"
"ASV_1171","ASV_1171",0,0,-Inf,"Retain","Discard","Discard","Both_Fail"
"ASV_1173","ASV_1173",0.5,8.10406596243399e-05,-4.09129703272619,"Retain","Discard","Discard","Both_Fail"
"ASV_1174","ASV_1174",0,0,-Inf,"Retain","Discard","Discard","Both_Fail"
"ASV_1176","ASV_1176",0,0,-Inf,"Retain","Discard","Discard","Both_Fail"
"ASV_1177","ASV_1177",0,0,-Inf,"Retain","Discard","Discard","Both_Fail"
"ASV_1178","ASV_1178",0.166666666666667,8.88379551279489e-06,-5.0514014465989,"Retain","Discard","Discard","Both_Fail"
"ASV_1182","ASV_1182",0,0,-Inf,"Retain","Discard","Discard","Both_Fail"
"ASV_1184","ASV_1184",0,0,-Inf,"Retain","Discard","Discard","Both_Fail"
"ASV_1188","ASV_1188",0,0,-Inf,"Retain","Discard","Discard","Both_Fail"
"ASV_1190","ASV_1190",0,0,-Inf,"Retain","Discard","Discard","Both_Fail"
"ASV_1191","ASV_1191",0,0,-Inf,"Retain","Discard","Discard","Both_Fail"
"ASV_1192","ASV_1192",0,0,-Inf,"Retain","Discard","Discard","Both_Fail"
"ASV_1194","ASV_1194",0,0,-Inf,"Retain","Discard","Discard","Both_Fail"
"ASV_1196","ASV_1196",0,0,-Inf,"Retain","Discard","Discard","Both_Fail"
"ASV_1197","ASV_1197",0,0,-Inf,"Retain","Discard","Discard","Both_Fail"
"ASV_1203","ASV_1203",0,0,-Inf,"Retain","Discard","Discard","Both_Fail"
"ASV_1204","ASV_1204",0,0,-Inf,"Retain","Discard","Discard","Both_Fail"
"ASV_1206","ASV_1206",0,0,-Inf,"Retain","Discard","Discard","Both_Fail"
"ASV_1209","ASV_1209",0,0,-Inf,"Retain","Discard","Discard","Both_Fail"
"ASV_1210","ASV_1210",0.333333333333333,2.45732918229106e-05,-4.60953666180377,"Retain","Discard","Discard","Both_Fail"
"ASV_1211","ASV_1211",0,0,-Inf,"Retain","Discard","Discard","Both_Fail"
"ASV_1213","ASV_1213",0,0,-Inf,"Retain","Discard","Discard","Both_Fail"
"ASV_1217","ASV_1217",0,0,-Inf,"Retain","Discard","Discard","Both_Fail"
"ASV_1218","ASV_1218",0,0,-Inf,"Retain","Discard","Discard","Both_Fail"
"ASV_1219","ASV_1219",0,0,-Inf,"Retain","Discard","Discard","Both_Fail"
"ASV_1225","ASV_1225",0.166666666666667,3.8279416774806e-06,-5.41703468775551,"Retain","Discard","Discard","Both_Fail"
"ASV_1227","ASV_1227",0,0,-Inf,"Retain","Discard","Discard","Both_Fail"
"ASV_1228","ASV_1228",0,0,-Inf,"Retain","Discard","Discard","Both_Fail"
"ASV_1229","ASV_1229",0,0,-Inf,"Retain","Discard","Discard","Both_Fail"
"ASV_1230","ASV_1230",0,0,-Inf,"Retain","Discard","Discard","Both_Fail"
"ASV_1239","ASV_1239",0,0,-Inf,"Retain","Discard","Discard","Both_Fail"
"ASV_1243","ASV_1243",0,0,-Inf,"Retain","Discard","Discard","Both_Fail"
"ASV_1244","ASV_1244",0,0,-Inf,"Retain","Discard","Discard","Both_Fail"
"ASV_1247","ASV_1247",0,0,-Inf,"Retain","Discard","Discard","Both_Fail"
"ASV_1249","ASV_1249",0,0,-Inf,"Retain","Discard","Discard","Both_Fail"
"ASV_1250","ASV_1250",0,0,-Inf,"Retain","Discard","Discard","Both_Fail"
"ASV_1252","ASV_1252",0.833333333333333,0.00011983649872556,-3.92141088828264,"Retain","Discard","Discard","Both_Fail"
"ASV_1255","ASV_1255",0,0,-Inf,"Retain","Discard","Discard","Both_Fail"
"ASV_1256","ASV_1256",0,0,-Inf,"Retain","Discard","Discard","Both_Fail"
"ASV_1258","ASV_1258",0,0,-Inf,"Retain","Discard","Discard","Both_Fail"
"ASV_1261","ASV_1261",0,0,-Inf,"Retain","Discard","Discard","Both_Fail"
"ASV_1262","ASV_1262",0,0,-Inf,"Retain","Discard","Discard","Both_Fail"
"ASV_1264","ASV_1264",0.166666666666667,2.87095625811045e-05,-4.54197342436381,"Retain","Discard","Discard","Both_Fail"
"ASV_1265","ASV_1265",0.833333333333333,0.000122673433073726,-3.91124948062058,"Retain","Discard","Discard","Both_Fail"
"ASV_1267","ASV_1267",0,0,-Inf,"Retain","Discard","Discard","Both_Fail"
"ASV_1269","ASV_1269",0,0,-Inf,"Retain","Discard","Discard","Both_Fail"
"ASV_1273","ASV_1273",0,0,-Inf,"Retain","Discard","Discard","Both_Fail"
"ASV_1276","ASV_1276",0,0,-Inf,"Retain","Discard","Discard","Both_Fail"
"ASV_1282","ASV_1282",0,0,-Inf,"Retain","Discard","Discard","Both_Fail"
"ASV_1284","ASV_1284",0,0,-Inf,"Retain","Discard","Discard","Both_Fail"
"ASV_1298","ASV_1298",0.166666666666667,4.62786204343248e-05,-4.33461959584583,"Retain","Discard","Discard","Both_Fail"
"ASV_1301","ASV_1301",0,0,-Inf,"Retain","Discard","Discard","Both_Fail"
"ASV_1302","ASV_1302",0.166666666666667,9.9842249246191e-06,-5.00068564376536,"Retain","Discard","Discard","Both_Fail"
"ASV_1303","ASV_1303",0,0,-Inf,"Retain","Discard","Discard","Both_Fail"
"ASV_1306","ASV_1306",0,0,-Inf,"Retain","Discard","Discard","Both_Fail"
"ASV_1309","ASV_1309",0,0,-Inf,"Retain","Discard","Discard","Both_Fail"
"ASV_1315","ASV_1315",0,0,-Inf,"Retain","Discard","Discard","Both_Fail"
"ASV_1320","ASV_1320",0.5,4.69795006846681e-05,-4.32809160337463,"Retain","Discard","Discard","Both_Fail"
"ASV_1321","ASV_1321",0.5,0.000148357377675523,-3.8286908517462,"Retain","Discard","Discard","Both_Fail"
"ASV_1322","ASV_1322",0.5,9.62917473375559e-05,-4.01641093239097,"Retain","Discard","Discard","Both_Fail"
"ASV_1323","ASV_1323",0,0,-Inf,"Retain","Discard","Discard","Both_Fail"
"ASV_1331","ASV_1331",0,0,-Inf,"Retain","Discard","Discard","Both_Fail"
"ASV_1333","ASV_1333",0,0,-Inf,"Retain","Discard","Discard","Both_Fail"
"ASV_1336","ASV_1336",0,0,-Inf,"Retain","Discard","Discard","Both_Fail"
"ASV_1337","ASV_1337",0,0,-Inf,"Retain","Discard","Discard","Both_Fail"
"ASV_1344","ASV_1344",0,0,-Inf,"Retain","Discard","Discard","Both_Fail"
"ASV_1346","ASV_1346",0,0,-Inf,"Retain","Discard","Discard","Both_Fail"
"ASV_1347","ASV_1347",0,0,-Inf,"Retain","Discard","Discard","Both_Fail"
"ASV_1351","ASV_1351",0,0,-Inf,"Retain","Discard","Discard","Both_Fail"
"ASV_1352","ASV_1352",0,0,-Inf,"Retain","Discard","Discard","Both_Fail"
"ASV_1361","ASV_1361",0,0,-Inf,"Retain","Discard","Discard","Both_Fail"
"ASV_1362","ASV_1362",0,0,-Inf,"Retain","Discard","Discard","Both_Fail"
"ASV_1364","ASV_1364",0.666666666666667,0.000171359535329975,-3.76609172417271,"Retain","Discard","Discard","Both_Fail"
"ASV_1365","ASV_1365",0.333333333333333,6.72458933828264e-05,-4.17233423230153,"Retain","Discard","Discard","Both_Fail"
"ASV_1366","ASV_1366",0,0,-Inf,"Retain","Discard","Discard","Both_Fail"
"ASV_1373","ASV_1373",0,0,-Inf,"Retain","Discard","Discard","Both_Fail"
"ASV_1380","ASV_1380",0,0,-Inf,"Retain","Discard","Discard","Both_Fail"
"ASV_1381","ASV_1381",0,0,-Inf,"Retain","Discard","Discard","Both_Fail"
"ASV_1382","ASV_1382",0,0,-Inf,"Retain","Discard","Discard","Both_Fail"
"ASV_1387","ASV_1387",0,0,-Inf,"Retain","Discard","Discard","Both_Fail"
"ASV_1389","ASV_1389",0,0,-Inf,"Retain","Discard","Discard","Both_Fail"
"ASV_1392","ASV_1392",0,0,-Inf,"Retain","Discard","Discard","Both_Fail"
"ASV_1395","ASV_1395",0,0,-Inf,"Retain","Discard","Discard","Both_Fail"
"ASV_1396","ASV_1396",0,0,-Inf,"Retain","Discard","Discard","Both_Fail"
"ASV_1403","ASV_1403",0,0,-Inf,"Retain","Discard","Discard","Both_Fail"
"ASV_1410","ASV_1410",0,0,-Inf,"Retain","Discard","Discard","Both_Fail"
"ASV_1411","ASV_1411",1,8.03748848154157e-05,-4.09487963645111,"Retain","Discard","Retain","Only_prevN_pass"
"ASV_1418","ASV_1418",0.333333333333333,6.4762280625665e-05,-4.18867786582197,"Retain","Discard","Discard","Both_Fail"
"ASV_1419","ASV_1419",0,0,-Inf,"Retain","Discard","Discard","Both_Fail"
"ASV_1425","ASV_1425",0.5,6.92805084130481e-05,-4.15938893392127,"Retain","Discard","Discard","Both_Fail"
"ASV_1428","ASV_1428",0,0,-Inf,"Retain","Discard","Discard","Both_Fail"
"ASV_1429","ASV_1429",0,0,-Inf,"Retain","Discard","Discard","Both_Fail"
"ASV_1430","ASV_1430",0,0,-Inf,"Retain","Discard","Discard","Both_Fail"
"ASV_1435","ASV_1435",0.666666666666667,9.41744349229346e-05,-4.02606697702422,"Retain","Discard","Discard","Both_Fail"
"ASV_1437","ASV_1437",0,0,-Inf,"Retain","Discard","Discard","Both_Fail"
"ASV_1440","ASV_1440",0,0,-Inf,"Retain","Discard","Discard","Both_Fail"
"ASV_1443","ASV_1443",0,0,-Inf,"Retain","Discard","Discard","Both_Fail"
"ASV_1447","ASV_1447",0,0,-Inf,"Retain","Discard","Discard","Both_Fail"
"ASV_1449","ASV_1449",0,0,-Inf,"Retain","Discard","Discard","Both_Fail"
"ASV_1450","ASV_1450",0.166666666666667,2.22094887819872e-05,-4.65346143792686,"Retain","Discard","Discard","Both_Fail"
"ASV_1455","ASV_1455",0,0,-Inf,"Retain","Discard","Discard","Both_Fail"
"ASV_1456","ASV_1456",0,0,-Inf,"Retain","Discard","Discard","Both_Fail"
"ASV_1457","ASV_1457",0,0,-Inf,"Retain","Discard","Discard","Both_Fail"
"ASV_1462","ASV_1462",0,0,-Inf,"Retain","Discard","Discard","Both_Fail"
"ASV_1464","ASV_1464",0,0,-Inf,"Retain","Discard","Discard","Both_Fail"
"ASV_1465","ASV_1465",0,0,-Inf,"Retain","Discard","Discard","Both_Fail"
"ASV_1466","ASV_1466",0,0,-Inf,"Retain","Discard","Discard","Both_Fail"
"ASV_1468","ASV_1468",0,0,-Inf,"Retain","Discard","Discard","Both_Fail"
"ASV_1471","ASV_1471",0,0,-Inf,"Retain","Discard","Discard","Both_Fail"
"ASV_1474","ASV_1474",0,0,-Inf,"Retain","Discard","Discard","Both_Fail"
"ASV_1476","ASV_1476",0,0,-Inf,"Retain","Discard","Discard","Both_Fail"
"ASV_1480","ASV_1480",0.166666666666667,3.44514750973254e-05,-4.46279217831619,"Retain","Discard","Discard","Both_Fail"
"ASV_1481","ASV_1481",0,0,-Inf,"Retain","Discard","Discard","Both_Fail"
"ASV_1487","ASV_1487",0,0,-Inf,"Retain","Discard","Discard","Both_Fail"
"ASV_1488","ASV_1488",0.333333333333333,0.000107529588597032,-3.96847201578293,"Retain","Discard","Discard","Both_Fail"
"ASV_1490","ASV_1490",0,0,-Inf,"Retain","Discard","Discard","Both_Fail"
"ASV_1493","ASV_1493",0,0,-Inf,"Retain","Discard","Discard","Both_Fail"
"ASV_1498","ASV_1498",0,0,-Inf,"Retain","Discard","Discard","Both_Fail"
"ASV_1500","ASV_1500",0.833333333333333,0.000154001596058918,-3.81247477815062,"Retain","Discard","Discard","Both_Fail"
"ASV_1502","ASV_1502",0,0,-Inf,"Retain","Discard","Discard","Both_Fail"
"ASV_1506","ASV_1506",0,0,-Inf,"Retain","Discard","Discard","Both_Fail"
"ASV_1512","ASV_1512",0,0,-Inf,"Retain","Discard","Discard","Both_Fail"
"ASV_1520","ASV_1520",0,0,-Inf,"Retain","Discard","Discard","Both_Fail"
"ASV_1527","ASV_1527",0,0,-Inf,"Retain","Discard","Discard","Both_Fail"
"ASV_1528","ASV_1528",0,0,-Inf,"Retain","Discard","Discard","Both_Fail"
"ASV_1532","ASV_1532",0,0,-Inf,"Retain","Discard","Discard","Both_Fail"
"ASV_1541","ASV_1541",0,0,-Inf,"Retain","Discard","Discard","Both_Fail"
"ASV_1542","ASV_1542",0,0,-Inf,"Retain","Discard","Discard","Both_Fail"
"ASV_1543","ASV_1543",0,0,-Inf,"Retain","Discard","Discard","Both_Fail"
"ASV_1546","ASV_1546",0.333333333333333,8.52911602914832e-05,-4.06909597745575,"Retain","Discard","Discard","Both_Fail"
"ASV_1548","ASV_1548",0,0,-Inf,"Retain","Discard","Discard","Both_Fail"
"ASV_1549","ASV_1549",0,0,-Inf,"Retain","Discard","Discard","Both_Fail"
"ASV_1551","ASV_1551",0,0,-Inf,"Retain","Discard","Discard","Both_Fail"
"ASV_1552","ASV_1552",0.166666666666667,1.28368606173674e-05,-4.89154117434029,"Retain","Discard","Discard","Both_Fail"
"ASV_1562","ASV_1562",0,0,-Inf,"Retain","Discard","Discard","Both_Fail"
"ASV_1563","ASV_1563",0,0,-Inf,"Retain","Discard","Discard","Both_Fail"
"ASV_1565","ASV_1565",0,0,-Inf,"Retain","Discard","Discard","Both_Fail"
"ASV_1571","ASV_1571",0,0,-Inf,"Retain","Discard","Discard","Both_Fail"
"ASV_1574","ASV_1574",0,0,-Inf,"Retain","Discard","Discard","Both_Fail"
"ASV_1578","ASV_1578",0,0,-Inf,"Retain","Discard","Discard","Both_Fail"
"ASV_1585","ASV_1585",0,0,-Inf,"Retain","Discard","Discard","Both_Fail"
"ASV_1591","ASV_1591",0,0,-Inf,"Retain","Discard","Discard","Both_Fail"
"ASV_1593","ASV_1593",0,0,-Inf,"Retain","Discard","Discard","Both_Fail"
"ASV_1594","ASV_1594",0,0,-Inf,"Retain","Discard","Discard","Both_Fail"
"ASV_1600","ASV_1600",0,0,-Inf,"Retain","Discard","Discard","Both_Fail"
"ASV_1605","ASV_1605",0,0,-Inf,"Retain","Discard","Discard","Both_Fail"
"ASV_1611","ASV_1611",0,0,-Inf,"Retain","Discard","Discard","Both_Fail"
"ASV_1612","ASV_1612",0.666666666666667,7.54863159357137e-05,-4.12213176959252,"Retain","Discard","Discard","Both_Fail"
"ASV_1615","ASV_1615",0,0,-Inf,"Retain","Discard","Discard","Both_Fail"
"ASV_1622","ASV_1622",0.833333333333333,2.1272886874177e-05,-4.67217356940852,"Retain","Discard","Discard","Both_Fail"
"ASV_1624","ASV_1624",0,0,-Inf,"Retain","Discard","Discard","Both_Fail"
"ASV_1627","ASV_1627",0,0,-Inf,"Retain","Discard","Discard","Both_Fail"
"ASV_1629","ASV_1629",0,0,-Inf,"Retain","Discard","Discard","Both_Fail"
"ASV_1637","ASV_1637",0,0,-Inf,"Retain","Discard","Discard","Both_Fail"
"ASV_1638","ASV_1638",0,0,-Inf,"Retain","Discard","Discard","Both_Fail"
"ASV_1644","ASV_1644",0,0,-Inf,"Retain","Discard","Discard","Both_Fail"
"ASV_1647","ASV_1647",0,0,-Inf,"Retain","Discard","Discard","Both_Fail"
"ASV_1651","ASV_1651",0,0,-Inf,"Retain","Discard","Discard","Both_Fail"
"ASV_1659","ASV_1659",0,0,-Inf,"Retain","Discard","Discard","Both_Fail"
"ASV_1665","ASV_1665",0,0,-Inf,"Retain","Discard","Discard","Both_Fail"
"ASV_1667","ASV_1667",0,0,-Inf,"Retain","Discard","Discard","Both_Fail"
"ASV_1675","ASV_1675",0,0,-Inf,"Retain","Discard","Discard","Both_Fail"
"ASV_1686","ASV_1686",0,0,-Inf,"Retain","Discard","Discard","Both_Fail"
"ASV_1690","ASV_1690",0.166666666666667,3.8565517028604e-06,-5.41380084189346,"Retain","Discard","Discard","Both_Fail"
"ASV_1695","ASV_1695",0,0,-Inf,"Retain","Discard","Discard","Both_Fail"
"ASV_1704","ASV_1704",0,0,-Inf,"Retain","Discard","Discard","Both_Fail"
"ASV_1718","ASV_1718",0,0,-Inf,"Retain","Discard","Discard","Both_Fail"
"ASV_1722","ASV_1722",0,0,-Inf,"Retain","Discard","Discard","Both_Fail"
"ASV_1724","ASV_1724",0,0,-Inf,"Retain","Discard","Discard","Both_Fail"
"ASV_1729","ASV_1729",1,0.000116762789733828,-3.93269553725773,"Retain","Discard","Retain","Only_prevN_pass"
"ASV_1730","ASV_1730",0,0,-Inf,"Retain","Discard","Discard","Both_Fail"
"ASV_1733","ASV_1733",0,0,-Inf,"Retain","Discard","Discard","Both_Fail"
"ASV_1736","ASV_1736",0,0,-Inf,"Retain","Discard","Discard","Both_Fail"
"ASV_1742","ASV_1742",0,0,-Inf,"Retain","Discard","Discard","Both_Fail"
"ASV_1744","ASV_1744",0,0,-Inf,"Retain","Discard","Discard","Both_Fail"
"ASV_1748","ASV_1748",0,0,-Inf,"Retain","Discard","Discard","Both_Fail"
"ASV_1750","ASV_1750",0,0,-Inf,"Retain","Discard","Discard","Both_Fail"
"ASV_1752","ASV_1752",0,0,-Inf,"Retain","Discard","Discard","Both_Fail"
"ASV_1754","ASV_1754",0,0,-Inf,"Retain","Discard","Discard","Both_Fail"
"ASV_1755","ASV_1755",0,0,-Inf,"Retain","Discard","Discard","Both_Fail"
"ASV_1758","ASV_1758",0,0,-Inf,"Retain","Discard","Discard","Both_Fail"
"ASV_1761","ASV_1761",0,0,-Inf,"Retain","Discard","Discard","Both_Fail"
"ASV_1768","ASV_1768",0,0,-Inf,"Retain","Discard","Discard","Both_Fail"
"ASV_1769","ASV_1769",0,0,-Inf,"Retain","Discard","Discard","Both_Fail"
"ASV_1771","ASV_1771",0,0,-Inf,"Retain","Discard","Discard","Both_Fail"
"ASV_1773","ASV_1773",0,0,-Inf,"Retain","Discard","Discard","Both_Fail"
"ASV_1782","ASV_1782",0,0,-Inf,"Retain","Discard","Discard","Both_Fail"
"ASV_1784","ASV_1784",0.666666666666667,0.000113496633444462,-3.94501702039312,"Retain","Discard","Discard","Both_Fail"
"ASV_1785","ASV_1785",0,0,-Inf,"Retain","Discard","Discard","Both_Fail"
"ASV_1787","ASV_1787",0,0,-Inf,"Retain","Discard","Discard","Both_Fail"
"ASV_1793","ASV_1793",0,0,-Inf,"Retain","Discard","Discard","Both_Fail"
"ASV_1795","ASV_1795",0,0,-Inf,"Retain","Discard","Discard","Both_Fail"
"ASV_1799","ASV_1799",0,0,-Inf,"Retain","Discard","Discard","Both_Fail"
"ASV_1804","ASV_1804",0,0,-Inf,"Retain","Discard","Discard","Both_Fail"
"ASV_1810","ASV_1810",0,0,-Inf,"Retain","Discard","Discard","Both_Fail"
"ASV_1815","ASV_1815",0,0,-Inf,"Retain","Discard","Discard","Both_Fail"
"ASV_1817","ASV_1817",0,0,-Inf,"Retain","Discard","Discard","Both_Fail"
"ASV_1818","ASV_1818",0,0,-Inf,"Retain","Discard","Discard","Both_Fail"
"ASV_1821","ASV_1821",0,0,-Inf,"Retain","Discard","Discard","Both_Fail"
"ASV_1831","ASV_1831",0,0,-Inf,"Retain","Discard","Discard","Both_Fail"
"ASV_1834","ASV_1834",0,0,-Inf,"Retain","Discard","Discard","Both_Fail"
"ASV_1837","ASV_1837",0,0,-Inf,"Retain","Discard","Discard","Both_Fail"
"ASV_1838","ASV_1838",0,0,-Inf,"Retain","Discard","Discard","Both_Fail"
"ASV_1839","ASV_1839",0,0,-Inf,"Retain","Discard","Discard","Both_Fail"
"ASV_1840","ASV_1840",0,0,-Inf,"Retain","Discard","Discard","Both_Fail"
"ASV_1841","ASV_1841",0,0,-Inf,"Retain","Discard","Discard","Both_Fail"
"ASV_1842","ASV_1842",0,0,-Inf,"Retain","Discard","Discard","Both_Fail"
"ASV_1849","ASV_1849",0,0,-Inf,"Retain","Discard","Discard","Both_Fail"
"ASV_1851","ASV_1851",0,0,-Inf,"Retain","Discard","Discard","Both_Fail"
"ASV_1855","ASV_1855",0,0,-Inf,"Retain","Discard","Discard","Both_Fail"
"ASV_1857","ASV_1857",0,0,-Inf,"Retain","Discard","Discard","Both_Fail"
"ASV_1858","ASV_1858",0,0,-Inf,"Retain","Discard","Discard","Both_Fail"
"ASV_1864","ASV_1864",0,0,-Inf,"Retain","Discard","Discard","Both_Fail"
"ASV_1880","ASV_1880",0,0,-Inf,"Retain","Discard","Discard","Both_Fail"
"ASV_1885","ASV_1885",0,0,-Inf,"Retain","Discard","Discard","Both_Fail"
"ASV_1886","ASV_1886",0,0,-Inf,"Retain","Discard","Discard","Both_Fail"
"ASV_1892","ASV_1892",0,0,-Inf,"Retain","Discard","Discard","Both_Fail"
"ASV_1894","ASV_1894",0,0,-Inf,"Retain","Discard","Discard","Both_Fail"
"ASV_1901","ASV_1901",0,0,-Inf,"Retain","Discard","Discard","Both_Fail"
"ASV_1911","ASV_1911",0,0,-Inf,"Retain","Discard","Discard","Both_Fail"
"ASV_1932","ASV_1932",0,0,-Inf,"Retain","Discard","Discard","Both_Fail"
"ASV_1942","ASV_1942",0.333333333333333,3.7736040874828e-05,-4.42324366634412,"Retain","Discard","Discard","Both_Fail"
"ASV_1949","ASV_1949",0,0,-Inf,"Retain","Discard","Discard","Both_Fail"
"ASV_1950","ASV_1950",0,0,-Inf,"Retain","Discard","Discard","Both_Fail"
"ASV_1955","ASV_1955",0,0,-Inf,"Retain","Discard","Discard","Both_Fail"
"ASV_1957","ASV_1957",0,0,-Inf,"Retain","Discard","Discard","Both_Fail"
"ASV_1964","ASV_1964",0,0,-Inf,"Retain","Discard","Discard","Both_Fail"
"ASV_1971","ASV_1971",0,0,-Inf,"Retain","Discard","Discard","Both_Fail"
"ASV_1977","ASV_1977",0,0,-Inf,"Retain","Discard","Discard","Both_Fail"
"ASV_1982","ASV_1982",0,0,-Inf,"Retain","Discard","Discard","Both_Fail"
"ASV_1989","ASV_1989",0,0,-Inf,"Retain","Discard","Discard","Both_Fail"
"ASV_1990","ASV_1990",0,0,-Inf,"Retain","Discard","Discard","Both_Fail"
"ASV_1991","ASV_1991",0,0,-Inf,"Retain","Discard","Discard","Both_Fail"
"ASV_1995","ASV_1995",1,8.96505771170065e-05,-4.04744691036365,"Retain","Discard","Retain","Only_prevN_pass"
"ASV_1999","ASV_1999",0,0,-Inf,"Retain","Discard","Discard","Both_Fail"
"ASV_2014","ASV_2014",0,0,-Inf,"Retain","Discard","Discard","Both_Fail"
"ASV_2015","ASV_2015",0,0,-Inf,"Retain","Discard","Discard","Both_Fail"
"ASV_2020","ASV_2020",0,0,-Inf,"Retain","Discard","Discard","Both_Fail"
"ASV_2028","ASV_2028",0,0,-Inf,"Retain","Discard","Discard","Both_Fail"
"ASV_2036","ASV_2036",0.333333333333333,0.000137509762131292,-3.86166646918458,"Retain","Discard","Discard","Both_Fail"
"ASV_2044","ASV_2044",0.5,7.52386099429412e-05,-4.12355923677513,"Retain","Discard","Discard","Both_Fail"
"ASV_2052","ASV_2052",0,0,-Inf,"Retain","Discard","Discard","Both_Fail"
"ASV_2053","ASV_2053",0,0,-Inf,"Retain","Discard","Discard","Both_Fail"
"ASV_2062","ASV_2062",0,0,-Inf,"Retain","Discard","Discard","Both_Fail"
"ASV_2068","ASV_2068",0,0,-Inf,"Retain","Discard","Discard","Both_Fail"
"ASV_2084","ASV_2084",0,0,-Inf,"Retain","Discard","Discard","Both_Fail"
"ASV_2085","ASV_2085",0,0,-Inf,"Retain","Discard","Discard","Both_Fail"
"ASV_2089","ASV_2089",0,0,-Inf,"Retain","Discard","Discard","Both_Fail"
"ASV_2114","ASV_2114",0,0,-Inf,"Retain","Discard","Discard","Both_Fail"
"ASV_2118","ASV_2118",0,0,-Inf,"Retain","Discard","Discard","Both_Fail"
"ASV_2121","ASV_2121",0,0,-Inf,"Retain","Discard","Discard","Both_Fail"
"ASV_2124","ASV_2124",0,0,-Inf,"Retain","Discard","Discard","Both_Fail"
"ASV_2126","ASV_2126",0,0,-Inf,"Retain","Discard","Discard","Both_Fail"
"ASV_2131","ASV_2131",0,0,-Inf,"Retain","Discard","Discard","Both_Fail"
"ASV_2137","ASV_2137",0,0,-Inf,"Retain","Discard","Discard","Both_Fail"
"ASV_2139","ASV_2139",0,0,-Inf,"Retain","Discard","Discard","Both_Fail"
"ASV_2140","ASV_2140",0,0,-Inf,"Retain","Discard","Discard","Both_Fail"
"ASV_2143","ASV_2143",0,0,-Inf,"Retain","Discard","Discard","Both_Fail"
"ASV_2144","ASV_2144",0,0,-Inf,"Retain","Discard","Discard","Both_Fail"
"ASV_2147","ASV_2147",1,6.59123573204734e-05,-4.18103315577045,"Retain","Discard","Retain","Only_prevN_pass"
"ASV_2159","ASV_2159",0,0,-Inf,"Retain","Discard","Discard","Both_Fail"
"ASV_2161","ASV_2161",0,0,-Inf,"Retain","Discard","Discard","Both_Fail"
"ASV_2163","ASV_2163",0,0,-Inf,"Retain","Discard","Discard","Both_Fail"
"ASV_2168","ASV_2168",0,0,-Inf,"Retain","Discard","Discard","Both_Fail"
"ASV_2175","ASV_2175",0.666666666666667,0.000102284420532368,-3.990190510883,"Retain","Discard","Discard","Both_Fail"
"ASV_2187","ASV_2187",0,0,-Inf,"Retain","Discard","Discard","Both_Fail"
"ASV_2190","ASV_2190",0,0,-Inf,"Retain","Discard","Discard","Both_Fail"
"ASV_2194","ASV_2194",0,0,-Inf,"Retain","Discard","Discard","Both_Fail"
"ASV_2197","ASV_2197",0,0,-Inf,"Retain","Discard","Discard","Both_Fail"
"ASV_2205","ASV_2205",0,0,-Inf,"Retain","Discard","Discard","Both_Fail"
"ASV_2206","ASV_2206",0,0,-Inf,"Retain","Discard","Discard","Both_Fail"
"ASV_2224","ASV_2224",0,0,-Inf,"Retain","Discard","Discard","Both_Fail"
"ASV_2228","ASV_2228",0,0,-Inf,"Retain","Discard","Discard","Both_Fail"
"ASV_2229","ASV_2229",0,0,-Inf,"Retain","Discard","Discard","Both_Fail"
"ASV_2238","ASV_2238",0,0,-Inf,"Retain","Discard","Discard","Both_Fail"
"ASV_2239","ASV_2239",0,0,-Inf,"Retain","Discard","Discard","Both_Fail"
"ASV_2244","ASV_2244",0,0,-Inf,"Retain","Discard","Discard","Both_Fail"
"ASV_2246","ASV_2246",0,0,-Inf,"Retain","Discard","Discard","Both_Fail"
"ASV_2248","ASV_2248",0,0,-Inf,"Retain","Discard","Discard","Both_Fail"
"ASV_2249","ASV_2249",0,0,-Inf,"Retain","Discard","Discard","Both_Fail"
"ASV_2253","ASV_2253",0,0,-Inf,"Retain","Discard","Discard","Both_Fail"
"ASV_2258","ASV_2258",0,0,-Inf,"Retain","Discard","Discard","Both_Fail"
"ASV_2264","ASV_2264",0.166666666666667,1.55466421473911e-05,-4.80836339791261,"Retain","Discard","Discard","Both_Fail"
"ASV_2265","ASV_2265",0.166666666666667,3.55351820511795e-05,-4.44934145527094,"Retain","Discard","Discard","Both_Fail"
"ASV_2276","ASV_2276",0,0,-Inf,"Retain","Discard","Discard","Both_Fail"
"ASV_2294","ASV_2294",0.166666666666667,9.64137925715101e-06,-5.01586083322142,"Retain","Discard","Discard","Both_Fail"
"ASV_2315","ASV_2315",0,0,-Inf,"Retain","Discard","Discard","Both_Fail"
"ASV_2316","ASV_2316",0,0,-Inf,"Retain","Discard","Discard","Both_Fail"
"ASV_2323","ASV_2323",0,0,-Inf,"Retain","Discard","Discard","Both_Fail"
"ASV_2339","ASV_2339",0,0,-Inf,"Retain","Discard","Discard","Both_Fail"
"ASV_2345","ASV_2345",0,0,-Inf,"Retain","Discard","Discard","Both_Fail"
"ASV_2346","ASV_2346",0,0,-Inf,"Retain","Discard","Discard","Both_Fail"
"ASV_2377","ASV_2377",0,0,-Inf,"Retain","Discard","Discard","Both_Fail"
"ASV_2380","ASV_2380",0,0,-Inf,"Retain","Discard","Discard","Both_Fail"
"ASV_2388","ASV_2388",0,0,-Inf,"Retain","Discard","Discard","Both_Fail"
"ASV_2389","ASV_2389",0,0,-Inf,"Retain","Discard","Discard","Both_Fail"
"ASV_2421","ASV_2421",0,0,-Inf,"Retain","Discard","Discard","Both_Fail"
"ASV_2422","ASV_2422",0,0,-Inf,"Retain","Discard","Discard","Both_Fail"
"ASV_2435","ASV_2435",0,0,-Inf,"Retain","Discard","Discard","Both_Fail"
"ASV_2439","ASV_2439",0,0,-Inf,"Retain","Discard","Discard","Both_Fail"
"ASV_2440","ASV_2440",0,0,-Inf,"Retain","Discard","Discard","Both_Fail"
"ASV_2446","ASV_2446",0.333333333333333,3.12579835834444e-05,-4.50503904125057,"Retain","Discard","Discard","Both_Fail"
"ASV_2449","ASV_2449",0,0,-Inf,"Retain","Discard","Discard","Both_Fail"
"ASV_2455","ASV_2455",0.333333333333333,3.64781288395859e-05,-4.43796744708388,"Retain","Discard","Discard","Both_Fail"
"ASV_2466","ASV_2466",0,0,-Inf,"Retain","Discard","Discard","Both_Fail"
"ASV_2467","ASV_2467",0,0,-Inf,"Retain","Discard","Discard","Both_Fail"
"ASV_2474","ASV_2474",0,0,-Inf,"Retain","Discard","Discard","Both_Fail"
"ASV_2478","ASV_2478",0,0,-Inf,"Retain","Discard","Discard","Both_Fail"
"ASV_2480","ASV_2480",0,0,-Inf,"Retain","Discard","Discard","Both_Fail"
"ASV_2482","ASV_2482",0,0,-Inf,"Retain","Discard","Discard","Both_Fail"
"ASV_2497","ASV_2497",0,0,-Inf,"Retain","Discard","Discard","Both_Fail"
"ASV_2506","ASV_2506",0,0,-Inf,"Retain","Discard","Discard","Both_Fail"
"ASV_2507","ASV_2507",0,0,-Inf,"Retain","Discard","Discard","Both_Fail"
"ASV_2516","ASV_2516",0,0,-Inf,"Retain","Discard","Discard","Both_Fail"
"ASV_2526","ASV_2526",0,0,-Inf,"Retain","Discard","Discard","Both_Fail"
"ASV_2544","ASV_2544",0,0,-Inf,"Retain","Discard","Discard","Both_Fail"
"ASV_2550","ASV_2550",0,0,-Inf,"Retain","Discard","Discard","Both_Fail"
"ASV_2555","ASV_2555",0.166666666666667,1.56894963101157e-05,-4.80439099862139,"Retain","Discard","Discard","Both_Fail"
"ASV_2557","ASV_2557",0,0,-Inf,"Retain","Discard","Discard","Both_Fail"
"ASV_2563","ASV_2563",0,0,-Inf,"Retain","Discard","Discard","Both_Fail"
"ASV_2587","ASV_2587",0,0,-Inf,"Retain","Discard","Discard","Both_Fail"
"ASV_2591","ASV_2591",0,0,-Inf,"Retain","Discard","Discard","Both_Fail"
"ASV_2593","ASV_2593",0,0,-Inf,"Retain","Discard","Discard","Both_Fail"
"ASV_2595","ASV_2595",0,0,-Inf,"Retain","Discard","Discard","Both_Fail"
"ASV_2597","ASV_2597",0,0,-Inf,"Retain","Discard","Discard","Both_Fail"
"ASV_2605","ASV_2605",0,0,-Inf,"Retain","Discard","Discard","Both_Fail"
"ASV_2616","ASV_2616",0,0,-Inf,"Retain","Discard","Discard","Both_Fail"
"ASV_2625","ASV_2625",0,0,-Inf,"Retain","Discard","Discard","Both_Fail"
"ASV_2653","ASV_2653",0,0,-Inf,"Retain","Discard","Discard","Both_Fail"
"ASV_2670","ASV_2670",0,0,-Inf,"Retain","Discard","Discard","Both_Fail"
"ASV_2676","ASV_2676",0,0,-Inf,"Retain","Discard","Discard","Both_Fail"
"ASV_2682","ASV_2682",0,0,-Inf,"Retain","Discard","Discard","Both_Fail"
"ASV_2686","ASV_2686",0,0,-Inf,"Retain","Discard","Discard","Both_Fail"
"ASV_2695","ASV_2695",0,0,-Inf,"Retain","Discard","Discard","Both_Fail"
"ASV_2702","ASV_2702",0,0,-Inf,"Retain","Discard","Discard","Both_Fail"
"ASV_2727","ASV_2727",0,0,-Inf,"Retain","Discard","Discard","Both_Fail"
"ASV_2757","ASV_2757",0,0,-Inf,"Retain","Discard","Discard","Both_Fail"
"ASV_2763","ASV_2763",0,0,-Inf,"Retain","Discard","Discard","Both_Fail"
"ASV_2774","ASV_2774",0,0,-Inf,"Retain","Discard","Discard","Both_Fail"
"ASV_2778","ASV_2778",0,0,-Inf,"Retain","Discard","Discard","Both_Fail"
"ASV_2782","ASV_2782",0,0,-Inf,"Retain","Discard","Discard","Both_Fail"
"ASV_2814","ASV_2814",0,0,-Inf,"Retain","Discard","Discard","Both_Fail"
"ASV_2827","ASV_2827",0,0,-Inf,"Retain","Discard","Discard","Both_Fail"
"ASV_2901","ASV_2901",0,0,-Inf,"Retain","Discard","Discard","Both_Fail"
"ASV_2908","ASV_2908",0,0,-Inf,"Retain","Discard","Discard","Both_Fail"
"ASV_2912","ASV_2912",0,0,-Inf,"Retain","Discard","Discard","Both_Fail"
"ASV_2938","ASV_2938",0,0,-Inf,"Retain","Discard","Discard","Both_Fail"
"ASV_2940","ASV_2940",0,0,-Inf,"Retain","Discard","Discard","Both_Fail"
"ASV_2942","ASV_2942",0,0,-Inf,"Retain","Discard","Discard","Both_Fail"
"ASV_2957","ASV_2957",0,0,-Inf,"Retain","Discard","Discard","Both_Fail"
"ASV_2959","ASV_2959",0,0,-Inf,"Retain","Discard","Discard","Both_Fail"
"ASV_2960","ASV_2960",0,0,-Inf,"Retain","Discard","Discard","Both_Fail"
"ASV_2984","ASV_2984",0,0,-Inf,"Retain","Discard","Discard","Both_Fail"
"ASV_3013","ASV_3013",0.666666666666667,2.94744845516874e-05,-4.53055378108666,"Retain","Discard","Discard","Both_Fail"
"ASV_3025","ASV_3025",0,0,-Inf,"Retain","Discard","Discard","Both_Fail"
"ASV_3030","ASV_3030",0.333333333333333,7.53270396498098e-05,-4.12304909999095,"Retain","Discard","Discard","Both_Fail"
"ASV_3040","ASV_3040",0,0,-Inf,"Retain","Discard","Discard","Both_Fail"
"ASV_3048","ASV_3048",0,0,-Inf,"Retain","Discard","Discard","Both_Fail"
"ASV_3049","ASV_3049",0,0,-Inf,"Retain","Discard","Discard","Both_Fail"
"ASV_3059","ASV_3059",0.833333333333333,5.26881757147984e-05,-4.27828683825986,"Retain","Discard","Discard","Both_Fail"
"ASV_3076","ASV_3076",0,0,-Inf,"Retain","Discard","Discard","Both_Fail"
"ASV_3077","ASV_3077",0,0,-Inf,"Retain","Discard","Discard","Both_Fail"
"ASV_3083","ASV_3083",0,0,-Inf,"Retain","Discard","Discard","Both_Fail"
"ASV_3094","ASV_3094",0,0,-Inf,"Retain","Discard","Discard","Both_Fail"
"ASV_3113","ASV_3113",0,0,-Inf,"Retain","Discard","Discard","Both_Fail"
"ASV_3177","ASV_3177",0,0,-Inf,"Retain","Discard","Discard","Both_Fail"
"ASV_3268","ASV_3268",0,0,-Inf,"Retain","Discard","Discard","Both_Fail"
"ASV_3285","ASV_3285",0,0,-Inf,"Retain","Discard","Discard","Both_Fail"
"ASV_3289","ASV_3289",0,0,-Inf,"Retain","Discard","Discard","Both_Fail"
"ASV_3291","ASV_3291",0,0,-Inf,"Retain","Discard","Discard","Both_Fail"
"ASV_3303","ASV_3303",0,0,-Inf,"Retain","Discard","Discard","Both_Fail"
"ASV_3359","ASV_3359",0.666666666666667,3.60553421708178e-05,-4.44303037856116,"Retain","Discard","Discard","Both_Fail"
"ASV_3411","ASV_3411",0,0,-Inf,"Retain","Discard","Discard","Both_Fail"
"ASV_3455","ASV_3455",0,0,-Inf,"Retain","Discard","Discard","Both_Fail"
"ASV_3501","ASV_3501",0,0,-Inf,"Retain","Discard","Discard","Both_Fail"
"ASV_3590","ASV_3590",0,0,-Inf,"Retain","Discard","Discard","Both_Fail"
"ASV_3628","ASV_3628",0,0,-Inf,"Retain","Discard","Discard","Both_Fail"
"ASV_3630","ASV_3630",0,0,-Inf,"Retain","Discard","Discard","Both_Fail"
"ASV_3654","ASV_3654",0,0,-Inf,"Retain","Discard","Discard","Both_Fail"
"ASV_3687","ASV_3687",0,0,-Inf,"Retain","Discard","Discard","Both_Fail"
"ASV_3727","ASV_3727",0,0,-Inf,"Retain","Discard","Discard","Both_Fail"
"ASV_3859","ASV_3859",0,0,-Inf,"Retain","Discard","Discard","Both_Fail"
"ASV_3890","ASV_3890",0.5,3.52832866237494e-05,-4.4524309673022,"Retain","Discard","Discard","Both_Fail"
"ASV_3980","ASV_3980",0,0,-Inf,"Retain","Discard","Discard","Both_Fail"
"ASV_4017","ASV_4017",0,0,-Inf,"Retain","Discard","Discard","Both_Fail"
"ASV_4119","ASV_4119",0,0,-Inf,"Retain","Discard","Discard","Both_Fail"
"ASV_4179","ASV_4179",0,0,-Inf,"Retain","Discard","Discard","Both_Fail"
"ASV_4485","ASV_4485",0.666666666666667,1.73684028430557e-05,-4.7602401164026,"Retain","Discard","Discard","Both_Fail"
"ASV_4592","ASV_4592",0,0,-Inf,"Retain","Discard","Discard","Both_Fail"
"ASV_5643","ASV_5643",0.333333333333333,8.78215523135956e-06,-5.05639889067423,"Retain","Discard","Discard","Both_Fail"
"ASV_5678","ASV_5678",0,0,-Inf,"Retain","Discard","Discard","Both_Fail"
"ASV_5988","ASV_5988",0,0,-Inf,"Retain","Discard","Discard","Both_Fail"
